student_id,age,gender,study_hours_per_day,social_media_hours,netflix_hours,part_time_job,attendance_percentage,sleep_hours,diet_quality,exercise_frequency,parental_education_level,internet_quality,mental_health_rating,extracurricular_participation,exam_score
S1000,23,Female,0.0,1.2,1.1,No,70.37101857885966,11.757040520575128,Fair,6,Master,Average,,Yes,56.2
S1001,20,Female,6.9,2.8,2.3,No,100.0,0.0,Good,7,High School,Average,8,No,100.0
S1002,21,Male,,3.1,1.3,No,75.7301227477513,8.78610949113965,Poor,0,High School,Poor,1,No,34.3
S1003,23,Female,1.0,3.9,1.0,No,44.66171793563153,1.684054517697466,Poor,5,Master,Good,1,Yes,26.8
S1004,19,Female,5.0,4.4,0.5,No,65.61083330444835,2.746383746493348,Fair,4,Master,Good,1,No,66.4
S1005,24,Male,7.2,1.3,0.0,No,51.40707213919647,20.99459632375804,Fair,2,Master,Average,4,No,100.0
S1006,21,Female,5.6,1.5,,Yes,76.45181905777821,1.5834158573338732,Good,2,Master,Poor,3,,89.8
S1007,21,Female,4.3,,2.0,Yes,65.28878614971948,0.0,Fair,0,Bachelor,Average,7,,72.6
S1008,23,Female,4.4,2.2,,No,99.47647468768756,0.0,Good,2,Bachelor,Good,,No,78.9
S1009,18,Female,4.8,3.1,1.3,No,97.19653739357997,2.2448555019881407,Good,5,Bachelor,Good,10,Yes,100.0
S1010,,Female,4.6,3.7,0.8,No,68.28180743772091,0.0,Fair,1,,Good,,No,63.3
S1011,23,Male,3.9,2.4,2.5,No,47.97478385609516,7.68191951880706,Fair,1,Bachelor,Average,2,,74.4
S1012,19,Female,3.7,,0.4,Yes,61.670885805449345,7.934796289027397,Fair,0,Bachelor,Good,10,,76.9
S1013,19,Female,3.4,2.7,2.7,No,93.26046478975742,0.1625130068888751,,4,Bachelor,Good,,No,75.8
S1014,24,Male,2.4,1.5,,No,61.33629235205242,0.0,Poor,5,Bachelor,Average,,No,78.9
S1015,21,Male,,5.0,1.0,No,85.8002000052256,0.0,Good,5,High School,Average,8,No,74.0
S1016,20,Male,1.0,0.6,0.2,No,71.8609123197019,7.4079869663685685,Poor,3,High School,Poor,8,Yes,55.2
S1017,24,Female,3.4,2.7,1.2,No,87.00949325147558,16.185228993790737,Poor,0,High School,Average,,Yes,70.8
S1018,,Other,2.0,4.9,2.9,Yes,100.0,8.200035402549199,Good,3,High School,Good,6,No,43.9
S1019,19,Male,1.8,2.5,2.4,No,71.68065550638872,5.474385235318253,Fair,1,High School,Average,2,,45.3
S1020,22,Female,3.8,2.3,2.9,No,77.86367414132596,11.929535000765917,Good,3,Master,Good,2,,58.5
S1021,21,Male,5.6,2.1,2.4,No,82.7740329347425,12.504019508829824,Fair,0,High School,Good,2,,82.5
S1022,18,Other,,2.3,0.6,No,73.59365288510766,14.379474943602833,Fair,2,High School,Average,8,No,98.7
S1023,24,Female,1.1,4.1,1.4,Yes,80.13077197086535,0.0,Fair,5,Bachelor,Good,,,43.7
S1024,20,Female,2.0,0.0,,Yes,58.49314038988058,12.489182179902212,,3,Bachelor,Average,2,,54.9
S1025,22,Male,4.9,4.3,,No,54.21964725236056,8.246800908897935,Fair,2,High School,Average,2,Yes,69.9
S1026,22,Male,2.0,0.8,0.5,No,79.89213644454074,5.379248587456143,Good,3,Bachelor,Poor,,,73.5
S1027,18,Male,3.2,2.2,,Yes,77.98832120584902,13.084374519259287,Fair,4,Bachelor,Average,4,No,71.1
S1028,24,Male,4.3,2.0,2.8,Yes,79.07865544998424,15.310106334241484,Good,5,High School,Poor,3,Yes,82.8
S1029,20,Female,2.0,3.2,3.8,Yes,64.99612572351451,4.635533343941249,Poor,5,High School,Poor,10,Yes,75.7
S1030,21,Female,3.7,0.6,1.3,No,80.6701447932167,0.0,Fair,2,Master,Average,,No,70.6
S1031,17,Other,1.5,3.1,,Yes,94.08668709464621,12.894721502249087,Fair,3,Bachelor,Average,4,Yes,51.3
S1032,20,Other,2.6,4.9,4.3,No,62.34785773395217,2.2626422868631897,Good,4,Bachelor,Good,6,,52.1
S1033,18,Female,4.0,0.9,,No,79.40156684297426,14.017537841099028,,1,,Average,5,No,70.7
S1034,22,Female,1.1,2.7,0.1,No,98.50286546041279,3.5657085733079463,,1,High School,Good,5,No,51.2
S1035,21,Female,,1.7,,Yes,73.02226743876253,3.0110938251349717,Good,1,Bachelor,Average,4,No,72.6
S1036,20,Female,,3.0,2.6,No,77.21574748089046,11.32506150755254,Fair,3,High School,Good,3,No,70.7
S1037,17,Male,4.3,2.5,0.0,Yes,49.87771841864618,5.31957671602229,Good,0,High School,Average,3,No,59.4
S1038,17,Male,3.8,1.7,1.4,No,53.593792639033474,4.255520115643245,,0,Bachelor,Good,0,No,58.1
S1039,19,Male,5.5,3.1,,No,70.25265081794322,11.557303283755923,Good,1,High School,Average,2,No,82.3
S1040,19,Female,3.7,4.7,2.0,No,98.73344003243793,4.612239915990777,Good,6,Bachelor,Good,2,No,69.7
S1041,23,Female,2.9,2.3,2.3,No,72.78481181301493,2.5034075518323498,Good,6,Bachelor,Average,1,No,66.0
S1042,18,Male,3.7,3.4,2.0,No,75.52624788781601,0.0,Fair,3,High School,Poor,0,Yes,63.5
S1043,24,Female,4.3,,3.2,No,50.27984843814633,11.756236583598895,Poor,0,Bachelor,Good,,No,65.7
S1044,20,Female,3.6,1.4,0.8,No,49.11105925803294,4.222381977250952,Good,5,High School,Poor,10,,78.5
S1045,20,Male,3.6,3.1,1.1,No,79.18391012719286,4.123470062636172,Fair,0,Bachelor,Average,5,Yes,75.1
S1046,24,Male,2.4,4.3,,No,88.11533122120106,4.7402363848742635,Poor,4,High School,Average,10,Yes,71.0
S1047,23,Female,2.5,2.9,2.7,No,74.146359511728,10.654036039977397,Good,4,,Good,9,Yes,59.7
S1048,,Female,1.4,2.1,,No,53.18641001637378,7.694465420073679,Fair,2,Bachelor,Good,5,No,52.6
S1049,22,Female,6.1,2.5,,No,97.08231150761148,0.0,Poor,5,High School,Average,1,No,96.5
S1050,23,Female,1.6,,,No,69.06637758350675,8.812847852296073,Fair,3,Master,Good,10,Yes,62.0
S1051,22,Female,2.5,3.2,,No,73.07653572963244,3.8254033954138524,Poor,1,High School,Average,,No,59.7
S1052,19,Female,,3.6,,No,79.19203719123595,0.0,Fair,6,High School,Average,2,No,48.4
S1053,20,Female,4.8,2.0,3.5,No,84.47000866658175,3.6421397356421985,Good,1,Bachelor,Good,8,Yes,70.6
S1054,,Female,3.1,1.9,2.6,Yes,51.15699173402497,5.740419050532228,Fair,4,High School,Good,10,No,68.1
S1055,20,Male,5.4,2.8,3.8,No,81.02734598978033,0.0,Good,1,High School,Good,9,,87.2
S1056,24,Male,2.5,2.0,0.0,No,79.86621649928294,4.324050868072675,Good,7,Bachelor,Average,8,No,66.7
S1057,17,Male,3.9,2.4,1.2,No,71.74457677679791,5.582855296004939,Good,2,Bachelor,Average,7,Yes,75.2
S1058,19,Female,2.2,5.0,,No,56.15947311133485,13.380402548833056,Poor,4,Master,Average,3,Yes,46.4
S1059,,Female,6.7,2.2,2.6,No,78.94171492128235,0.0,Good,4,Master,Average,6,Yes,97.1
S1060,19,Female,1.7,2.1,,Yes,92.92423067604015,16.817928325589474,Fair,0,High School,Average,,No,61.2
S1061,23,Male,4.0,1.7,2.6,No,96.32969987536394,2.409368402169372,Fair,3,Bachelor,Good,5,No,75.0
S1062,21,Male,4.5,3.4,3.3,Yes,79.46290333137017,1.807185509078652,Good,6,High School,Good,10,No,94.7
S1063,17,Male,4.1,,2.6,Yes,68.69807805618024,9.088501243769164,Fair,4,Bachelor,Average,9,No,77.6
S1064,23,Male,3.2,1.7,,No,72.7675217482208,3.4050226240317327,Good,2,High School,Poor,4,,68.6
S1065,18,Female,3.3,4.1,,No,67.07646388519714,7.566818262948741,Poor,0,Master,Good,9,No,69.6
S1066,20,Male,3.6,,0.9,No,48.760372799477516,4.930938173854172,Good,5,Bachelor,Average,9,No,66.5
S1067,17,Male,3.3,1.8,,No,70.9634109770297,7.197267343378475,Poor,1,Master,Good,1,,62.2
S1068,20,Female,4.9,0.3,2.7,Yes,68.41800339624555,1.1083735512937112,Good,0,Bachelor,Poor,5,,82.1
S1069,22,Male,6.8,3.7,1.8,No,69.08903335827198,1.5334991016599302,Poor,6,Master,Average,4,No,100.0
S1070,18,Female,2.7,1.7,1.3,No,87.22947809602327,0.6899530106207306,Poor,2,Bachelor,Good,,Yes,59.7
S1071,18,Female,1.4,3.4,,No,75.69908085611604,8.519147601089914,Fair,0,High School,Poor,10,Yes,55.1
S1072,17,Male,3.4,0.1,0.6,No,69.02569319447358,0.0,Fair,0,High School,Average,4,,77.1
S1073,18,Female,7.4,3.6,3.9,No,87.15613583912578,1.845728231140953,,3,High School,Average,8,Yes,97.7
S1074,21,Female,2.3,1.0,0.4,No,85.2752183097704,4.3379866891224905,Fair,5,,Good,1,No,66.9
S1075,18,Female,6.0,3.4,2.0,Yes,90.39618924235843,8.507383572995582,,0,Bachelor,Good,8,,99.9
S1076,20,Male,6.0,2.5,2.9,No,80.24446235258031,12.55037906897239,Poor,6,Bachelor,Average,10,Yes,100.0
S1077,20,Female,2.7,1.4,0.4,No,59.76316036421621,0.0,Fair,2,Bachelor,Poor,1,No,57.2
S1078,23,Female,4.4,2.0,2.0,Yes,72.13707918843369,0.0,Good,5,Master,Good,5,No,77.3
S1079,20,Male,5.9,3.3,2.8,Yes,76.76594722893982,0.0,Good,4,Master,Average,6,No,91.6
S1080,23,Male,2.9,2.6,1.8,No,30.410461139751106,21.451408544068062,Good,7,High School,Good,8,No,70.7
S1081,20,Other,3.2,3.2,5.0,No,79.88550174197775,19.30627594838151,Good,6,High School,Poor,3,,57.6
S1082,21,Female,2.6,4.9,,Yes,88.63759552161291,0.0,Fair,5,High School,Poor,,No,60.2
S1083,24,Male,2.0,0.6,,No,85.05703834897922,8.722119856722298,Poor,7,High School,Good,1,Yes,50.5
S1084,23,Female,2.5,4.4,1.6,No,68.9032198986351,0.0,Fair,6,Bachelor,Average,5,,51.3
S1085,19,Male,1.7,2.6,2.6,No,85.07710650804172,9.690029301582296,Good,3,Bachelor,Good,7,No,53.5
S1086,22,Male,3.6,1.4,2.3,No,84.846043837422,0.0,Good,5,Bachelor,Poor,,No,79.2
S1087,17,Male,2.3,0.9,1.0,No,67.97198996126556,5.622187579848657,Fair,0,Master,Average,3,Yes,47.2
S1088,20,Male,3.9,2.3,,No,80.92821768025298,0.11354255812837405,,6,Bachelor,Good,5,No,73.4
S1089,18,Male,1.2,3.6,0.0,No,78.0536554466068,0.36009089823614304,Poor,3,High School,Average,5,Yes,41.1
S1090,24,Male,4.0,2.3,2.5,No,64.0723510255373,6.505162715261651,Fair,6,Bachelor,Good,0,No,77.8
S1091,20,Female,4.8,4.3,2.1,No,43.11215064421396,4.529407716425465,Fair,4,High School,Average,3,No,63.4
S1092,,Male,0.5,0.8,2.5,Yes,79.6939930682124,0.0,Poor,5,High School,Good,3,No,43.9
S1093,22,Male,4.1,2.5,,No,69.84058613616082,15.09458635938163,Good,5,,Good,6,No,70.2
S1094,22,Female,5.3,1.0,2.2,No,70.82078494569397,0.0,Fair,1,High School,Average,7,No,81.3
S1095,22,Male,1.7,2.9,2.0,No,100.0,6.976440023957705,Good,0,High School,Good,6,No,50.2
S1096,18,Female,6.0,3.6,0.8,No,87.55478240860255,8.301604019787739,Good,0,High School,Good,4,,87.9
S1097,,Male,4.1,2.0,1.0,No,96.62458857689457,0.0,Good,6,Bachelor,Average,,No,80.9
S1098,22,Male,2.4,0.0,3.1,No,89.93064618261548,0.0,Good,3,Bachelor,Good,8,Yes,63.9
S1099,21,Male,3.4,2.7,3.4,No,99.91768152944357,10.34810150500104,Good,1,High School,Good,6,,65.6
S1100,23,Male,4.3,3.0,1.5,No,100.0,0.0,Good,5,,Average,10,Yes,93.2
S1101,18,Male,3.6,3.0,,No,79.14649268943553,0.7288603604675701,Good,5,Bachelor,Average,6,No,74.0
S1102,18,Male,4.3,4.0,0.8,No,82.96330626477446,12.728411365968238,Fair,0,,Average,1,No,60.8
S1103,20,Male,2.1,1.2,,No,93.91142113369227,8.179141964164305,Good,3,Master,Average,2,No,50.4
S1104,18,Male,3.8,3.3,2.5,No,86.47470651942616,0.0,Good,5,Bachelor,Good,7,No,74.3
S1105,18,Male,1.4,3.9,3.9,Yes,49.495542542163626,13.667914164104094,,5,High School,Average,3,Yes,32.8
S1106,22,Male,3.3,0.4,0.8,No,79.90045400476639,0.0,Good,5,High School,Good,3,Yes,82.3
S1107,20,Male,2.1,2.9,1.4,No,47.777863502309685,0.0,,4,,Average,,No,60.4
S1108,22,Female,2.4,1.9,2.1,No,73.90043667365494,8.087230894410784,Poor,5,High School,Average,10,,60.0
S1109,23,Female,5.4,2.4,2.5,No,84.17896610322184,9.176022140103232,Fair,2,High School,Good,3,No,77.5
S1110,24,Male,5.1,,1.6,No,68.41441876218234,6.4051204093166865,Fair,4,Bachelor,Average,8,Yes,86.5
S1111,23,Female,4.4,1.9,,No,57.82915797333466,5.912857240425088,Good,1,High School,Average,3,No,76.9
S1112,24,Female,1.9,,2.8,No,88.64041107001252,4.815410921470586,Fair,1,Bachelor,Poor,6,Yes,43.9
S1113,22,Male,3.0,2.5,2.6,No,62.56261733758931,0.0,Fair,1,Bachelor,Average,3,No,51.3
S1114,23,Female,5.3,1.2,0.8,No,67.07401235907838,0.0,Fair,1,High School,Average,2,,83.3
S1115,20,Female,3.7,1.2,3.3,No,80.26120493603516,0.0,Poor,6,,Good,9,No,82.7
S1116,17,Male,7.0,,3.1,No,87.09446654568688,21.02177267424909,Good,4,,Average,5,,94.8
S1117,22,Male,4.1,1.1,1.9,No,68.33438081477209,16.193033000937422,Good,0,,Good,9,No,80.8
S1118,24,Female,3.8,3.3,,No,67.43048569838359,8.893956405840038,Poor,2,Bachelor,Good,1,Yes,58.3
S1119,21,Female,3.0,3.1,2.4,Yes,54.66045888750196,9.33408362415358,Fair,4,High School,Average,8,No,66.3
S1120,24,Male,3.7,0.4,,No,86.18125590383579,9.285312471653796,Fair,7,Bachelor,Average,,No,87.9
S1121,21,Male,3.3,1.7,,No,69.91895170276064,4.413224326983917,Poor,0,High School,Good,,,60.5
S1122,18,Male,4.6,3.9,0.0,No,60.968541907280255,4.674000388858652,Poor,2,High School,Good,1,No,84.8
S1123,23,Female,4.9,,2.8,No,74.74682502539618,6.460812836050991,Good,0,Bachelor,Average,3,,77.0
S1124,21,Female,2.3,1.9,0.1,No,69.65098109817687,6.569445021581344,Fair,2,Bachelor,Average,,No,61.7
S1125,24,Male,1.5,3.1,3.5,No,82.70113190876097,0.49784825274250605,Fair,0,High School,Average,4,No,44.0
S1126,18,Male,0.7,3.4,1.4,Yes,81.41381935979008,10.544843316213814,Poor,2,High School,Poor,7,No,42.4
S1127,17,Female,4.3,2.2,,No,68.4996033054528,15.314955000035543,Good,6,Bachelor,Good,8,No,88.0
S1128,20,Male,1.8,1.8,1.1,No,89.07905822123966,19.663896535722554,Good,0,High School,Good,1,No,48.7
S1129,20,Male,0.3,4.2,,No,78.52057077578232,4.125893005565751,Good,2,High School,Average,3,Yes,26.8
S1130,20,Female,4.1,4.6,3.4,No,68.09786074762329,5.071645775670791,Poor,6,Bachelor,Good,9,,81.6
S1131,21,Female,,3.7,0.0,No,75.8780967117941,13.40030934528015,Good,6,High School,Good,9,,100.0
S1132,17,Female,3.5,2.6,3.2,Yes,82.30301025927619,0.0,Fair,4,Bachelor,Average,4,Yes,74.0
S1133,21,Female,4.8,1.5,2.2,No,89.92636708127523,3.3218869117728964,Fair,4,Bachelor,Poor,3,,78.4
S1134,23,Male,3.6,,,No,67.84227572477673,9.020482577785735,,1,Bachelor,Good,4,No,70.7
S1135,21,Male,3.4,,0.6,No,70.2399472233474,8.607604577558467,Fair,5,Bachelor,Good,8,No,74.3
S1136,17,Female,4.9,3.0,,No,73.83081280623958,13.508430014643656,Good,2,Bachelor,Good,5,,67.6
S1137,17,Male,3.1,4.2,0.8,No,66.9381492485942,16.759000585241075,Good,6,Bachelor,Poor,2,No,64.7
S1138,23,Male,3.9,3.3,0.5,No,69.83907733801078,11.080908164206935,Fair,3,Master,Average,3,No,64.1
S1139,17,Male,4.0,0.7,3.1,No,81.68926258636833,0.4513418710634997,Good,7,High School,Poor,5,,83.5
S1140,24,Male,2.5,3.8,2.2,No,78.48385754726903,2.4279256652383556,Good,7,High School,Good,9,No,63.4
S1141,17,Male,5.0,1.3,,No,93.67963726628311,0.0,Good,5,Bachelor,Good,6,No,96.2
S1142,20,Male,3.2,2.0,2.0,No,87.51967684661521,0.0,Fair,3,Bachelor,Poor,5,Yes,65.4
S1143,,Male,2.4,2.8,0.7,No,100.0,0.5282464028323348,Fair,3,,Good,1,No,62.0
S1144,24,Male,4.3,4.9,3.0,No,62.83279181316196,7.090321629285552,Fair,4,Master,Good,10,Yes,74.0
S1145,23,Female,2.2,,3.0,No,91.15879821747407,0.0,Good,0,,Good,5,No,46.7
S1146,,Female,,3.2,2.4,No,66.21301292130673,0.0,Poor,1,Bachelor,Good,8,No,75.5
S1147,19,Female,3.5,2.3,2.2,No,56.21958885580059,0.0,Fair,3,Bachelor,Poor,6,Yes,78.1
S1148,17,Female,5.1,3.1,3.7,No,79.11412079675377,1.6591839393642567,Fair,2,Master,Good,7,No,85.2
S1149,24,Female,4.2,,1.8,Yes,73.46880038832836,2.4299560100453528,Fair,4,,Poor,5,No,75.4
S1150,19,Male,3.5,2.1,0.5,Yes,47.697569993884635,10.857107255255013,Good,4,Bachelor,Average,1,No,64.2
S1151,19,Female,,4.7,,No,80.7152557279912,12.465558413627313,Good,0,High School,Good,6,,69.7
S1152,17,Female,,2.8,4.1,No,72.81456488083292,20.57852970958695,Good,4,High School,Good,6,No,90.3
S1153,19,Female,4.3,3.1,,No,62.613951891571396,6.239777732841024,Good,1,,Average,6,,81.4
S1154,21,Male,3.5,3.3,,No,63.83714715441467,7.603885771812771,Fair,0,Bachelor,Good,3,No,65.0
S1155,18,Male,1.5,3.0,2.3,No,70.32786865307571,18.295665044369695,Fair,3,High School,Good,10,No,57.3
S1156,23,Male,1.9,3.5,1.7,Yes,73.51164603460211,0.0,Fair,0,High School,Good,9,No,57.7
S1157,18,Male,3.0,1.8,0.7,No,76.27473057861152,0.2370951794922172,,5,Bachelor,Poor,,No,56.7
S1158,17,Female,2.6,1.8,3.0,No,83.53840209255056,9.42858202612703,Fair,3,Bachelor,Good,4,,62.3
S1159,20,Female,3.2,1.2,,No,64.87424306185459,0.0,Good,3,Bachelor,Average,9,No,77.9
S1160,23,Male,,3.0,2.0,No,90.46112002970199,2.7595396842617075,Fair,0,Master,Average,5,,65.2
S1161,17,Other,,3.4,0.8,No,67.77262105308756,13.7503308473948,Good,6,High School,Average,,No,76.8
S1162,24,Female,3.4,,0.1,No,67.63760904952672,4.457699711387251,Fair,4,Master,Average,7,,83.8
S1163,20,Male,4.2,,2.1,No,95.76430719250935,20.91984427641509,,1,Master,Good,5,No,70.6
S1164,18,Male,3.6,2.5,,No,84.01815625581536,0.0,Poor,3,High School,Average,2,Yes,63.1
S1165,17,Male,0.5,3.3,2.3,No,100.0,3.1415721453668084,Fair,5,High School,Good,5,No,39.0
S1166,24,Male,2.1,1.2,,No,87.43691663819888,0.5949520797699098,Fair,1,High School,Average,6,,66.7
S1167,23,Male,3.3,2.0,,Yes,83.19133987111499,0.0,Poor,1,High School,Good,,No,72.2
S1168,23,Male,1.7,3.3,0.6,No,73.02052402534737,2.2888610042177397,Fair,5,Bachelor,Good,5,Yes,50.1
S1169,22,Male,4.4,3.5,2.7,Yes,79.45669842753225,13.474055853454402,Fair,1,Bachelor,Good,2,No,62.4
S1170,24,Male,5.8,2.1,2.8,No,65.48365143529347,13.333819565889923,Fair,2,Bachelor,Good,7,No,96.6
S1171,21,Female,5.3,2.4,0.1,No,83.88588907552219,9.748780095109769,,0,Bachelor,Good,4,,85.8
S1172,19,Male,3.2,0.7,,No,61.64975669506265,6.283965045069055,Good,4,High School,Good,,,68.3
S1173,20,Female,5.7,2.1,2.4,No,74.13885710214214,0.0,Fair,2,Master,Good,5,,83.8
S1174,24,Male,3.7,3.6,3.3,Yes,64.41321509992642,23.124540446153855,Good,4,High School,Poor,1,No,69.3
S1175,22,Other,3.0,3.2,0.3,No,73.50894121178749,8.044516214217328,Good,2,Master,Good,6,No,65.3
S1176,19,Male,2.6,3.1,,No,88.56644656314369,5.511923176882978,Good,5,High School,Average,4,Yes,77.5
S1177,19,Male,3.0,2.6,1.6,No,63.68411708664928,0.0,,1,Master,Average,8,Yes,55.0
S1178,17,Other,2.9,2.5,2.4,Yes,86.09894642943422,8.321337493930466,Poor,5,,Good,9,No,65.2
S1179,19,Female,3.8,,,No,72.13781729114442,5.101719907764132,,1,High School,Average,4,No,58.1
S1180,21,Female,3.7,3.3,2.6,Yes,79.78872936529447,2.7663473938864143,Fair,6,,Good,6,No,69.2
S1181,23,Male,3.5,3.0,1.5,Yes,64.6554155955413,13.701262931860928,Good,1,Bachelor,Average,10,,67.4
S1182,22,Male,4.2,3.1,,No,75.3177300034244,0.0,Good,0,Master,Poor,10,No,79.9
S1183,19,Female,5.3,1.9,3.2,No,80.96349705366079,5.760842306928663,Fair,2,High School,Average,3,Yes,85.7
S1184,17,Female,4.9,0.0,0.7,No,49.96531085327702,0.0,Fair,4,Master,Poor,5,No,96.2
S1185,21,Female,,,,Yes,73.81640540455635,8.73335862465246,Fair,5,Bachelor,Good,4,No,40.4
S1186,18,Female,0.0,1.9,,No,74.37312041167155,0.010800524722586679,Fair,2,Bachelor,Average,9,,55.2
S1187,23,Male,4.9,1.5,3.5,No,69.63681263289315,0.6929374653234451,Fair,1,Bachelor,Average,5,,73.8
S1188,23,Female,1.4,3.3,2.5,No,67.41320661630257,0.0,Fair,2,High School,Poor,4,Yes,46.5
S1189,22,Male,3.2,2.0,1.6,No,65.10577763612869,5.4515421399589785,Fair,3,High School,Average,8,,60.5
S1190,23,Male,1.7,3.8,1.2,No,69.31041317850114,0.0,Poor,5,Master,Good,6,No,55.4
S1191,19,Male,0.8,3.2,1.4,No,70.89502107026736,16.829080787486063,Good,2,Master,Average,5,No,45.1
S1192,17,Female,4.3,3.3,,No,54.301033084829896,0.0,Poor,4,Master,Good,6,No,69.4
S1193,23,Male,4.6,0.9,1.9,No,70.6712358284006,6.2958662078427,Good,5,Master,Good,5,No,81.3
S1194,23,Male,2.6,4.0,1.1,No,84.24724958474161,17.95327246160031,Good,0,High School,Good,10,No,66.6
S1195,18,Female,0.0,2.8,1.6,No,87.86968840333542,2.0282156300338143,Fair,0,Bachelor,Good,4,No,26.7
S1196,18,Male,2.7,2.1,1.9,No,61.43189384405052,4.776420917604162,Good,4,High School,Poor,4,No,64.5
S1197,20,Female,4.1,2.7,0.0,No,65.60193927941121,17.97847270680799,Fair,1,Master,Average,9,Yes,87.1
S1198,21,Male,1.3,0.4,2.3,Yes,62.026203071088915,15.399748929355013,Good,2,High School,Good,,Yes,42.2
S1199,19,Female,3.8,3.0,0.7,No,67.93843658532964,6.512543376531948,Fair,1,Bachelor,Good,5,No,61.6
S1200,23,Female,3.5,,0.5,No,80.68247389435177,17.880231270384233,Fair,3,Bachelor,Good,8,No,81.9
S1201,24,Male,,0.9,0.0,No,74.93924993807764,0.948467805735348,,2,High School,Good,7,No,96.5
S1202,23,Male,3.7,0.7,0.0,No,51.02499320450434,12.061687348300028,,0,,Average,9,,85.1
S1203,17,Male,2.0,,,No,79.6296227021881,0.0,Fair,5,Master,Poor,5,No,58.5
S1204,20,Male,5.3,,,No,74.61736813932839,0.0,Fair,0,Bachelor,Good,,Yes,78.4
S1205,21,Other,3.3,4.3,,No,80.75732400074737,14.376073066373985,,1,High School,Good,5,No,56.4
S1206,24,Male,3.5,1.9,1.2,No,84.2159499278626,6.4179051909876454,Poor,7,Bachelor,Average,10,,92.6
S1207,20,Female,2.1,0.5,,No,60.26807148447294,5.817281814971004,Poor,4,Bachelor,Good,5,Yes,62.3
S1208,22,Male,2.8,1.2,,Yes,81.35198172599604,11.987173226671603,Fair,2,High School,Average,10,No,75.8
S1209,21,Female,2.2,4.0,1.9,No,90.37924192481712,10.750444421515443,Poor,1,High School,Average,4,Yes,47.1
S1210,23,Female,3.2,2.3,1.7,Yes,69.69721415969543,0.0,Poor,0,Master,Good,10,,66.3
S1211,23,Female,6.1,1.8,0.5,No,74.58258951512364,0.2694038877222419,Good,7,Bachelor,Good,3,Yes,98.3
S1212,21,Male,1.4,2.7,3.4,No,78.98003910631944,9.642077596430486,Poor,2,Bachelor,Average,3,,29.7
S1213,23,Male,1.1,3.1,3.8,No,75.57179146141846,17.902109574854897,Good,7,Bachelor,Poor,6,No,45.5
S1214,19,Male,5.7,3.8,,No,79.53653964007933,19.26113590620586,Fair,4,,Average,,No,100.0
S1215,21,Female,3.2,4.2,,No,74.58008508999546,4.612353458082372,Good,5,High School,Good,5,Yes,67.5
S1216,20,Female,,2.1,,No,77.30550945064476,2.0601870101208783,Fair,7,High School,Average,0,Yes,60.3
S1217,21,Other,5.1,0.9,0.7,No,76.6408334945795,0.0,Fair,6,High School,Good,2,No,87.0
S1218,,Male,2.6,2.0,2.4,No,81.7311142290606,24.0,Fair,0,Bachelor,Good,4,,48.5
S1219,,Female,6.2,2.8,1.0,No,64.14424929637144,8.929929901392793,Fair,5,Master,Good,5,No,100.0
S1220,19,Female,4.5,1.3,,No,90.46143971458072,2.0728034140040177,Fair,0,High School,Average,10,No,82.1
S1221,19,Male,2.8,1.4,3.1,No,99.32357373315762,4.373604189858997,Poor,3,High School,Good,5,Yes,63.7
S1222,22,Male,6.7,2.9,2.0,No,58.89411257983146,0.8910946929042154,Good,7,Bachelor,Average,6,No,100.0
S1223,20,Female,2.6,,,No,50.94110817183498,1.405477878245288,Fair,3,Master,Average,0,No,41.9
S1224,18,Female,4.6,2.5,3.0,No,58.4139926428742,6.433990159102988,Fair,6,Bachelor,Poor,5,No,72.7
S1225,18,Female,3.9,1.6,1.2,No,52.84836382786477,21.606591279198415,,1,Master,Average,10,,74.3
S1226,21,Male,5.5,2.2,0.9,Yes,63.39272784007543,1.2808801099643519,,3,Bachelor,Good,1,No,88.7
S1227,22,Female,5.8,1.4,1.9,No,78.03603080787914,7.585736303135676,Good,4,Bachelor,Average,8,Yes,96.6
S1228,17,Male,3.5,3.6,2.7,No,82.26238640305989,21.642197649525148,Fair,2,High School,Average,,,72.6
S1229,21,Male,2.4,3.7,,No,86.01139588307278,0.998616593653803,Good,5,High School,Good,4,,52.4
S1230,22,Male,4.2,0.3,0.1,No,79.09406637554109,0.0,Poor,2,High School,Poor,8,Yes,100.0
S1231,20,Female,2.5,1.4,0.9,No,66.96467942014891,11.252204142068996,Good,7,Bachelor,Good,,No,73.1
S1232,20,Female,6.5,0.7,1.7,No,72.20741802794194,11.280819501667168,Good,4,Master,Average,4,No,100.0
S1233,20,Female,3.7,1.7,,No,68.40386312092926,4.49576029764739,Fair,2,Master,Poor,10,,80.8
S1234,20,Male,3.0,2.4,4.0,No,76.65527101556027,0.0,Poor,6,High School,Good,,,62.9
S1235,20,Female,3.8,0.8,0.3,No,54.24162236650781,10.134352096559729,Fair,0,High School,Poor,2,,71.5
S1236,22,Male,,1.4,2.4,No,78.8361624278829,0.0,Good,4,High School,Good,6,No,46.2
S1237,22,Female,2.0,1.3,3.4,Yes,67.9620855575316,4.382016792592172,,1,High School,Average,9,No,53.8
S1238,19,Male,5.3,2.7,,No,71.16048241664164,5.364806554246153,Fair,1,Bachelor,Poor,4,Yes,74.2
S1239,24,Male,2.5,,,No,95.84885146843314,7.721009000666555,Poor,1,Master,Poor,7,No,52.5
S1240,18,Male,1.9,1.6,2.3,No,51.7118166854397,7.929152752119004,Fair,6,Master,Poor,3,No,51.2
S1241,23,Male,4.3,,2.4,Yes,51.75865623381467,6.632140471126725,Fair,5,Bachelor,Poor,3,No,60.6
S1242,20,Female,5.3,1.8,,No,71.31329880986276,13.560439753163406,Good,0,Bachelor,Good,6,,91.5
S1243,17,Female,4.6,2.2,,No,89.6008072511108,1.79081255122842,Fair,2,Bachelor,Average,,,87.3
S1244,23,Male,5.0,4.5,2.3,No,69.26533696907552,0.0,Good,6,High School,Average,9,No,98.0
S1245,22,Female,2.4,4.1,0.0,No,69.84633157683693,0.0,Fair,2,Bachelor,Average,3,Yes,47.9
S1246,17,Male,1.4,0.9,2.6,Yes,98.79599189537497,0.7545472093976625,Poor,2,Bachelor,Good,,No,51.0
S1247,17,Female,5.8,3.5,1.9,No,77.42294381332889,2.4328957080316123,Fair,0,Bachelor,Good,9,Yes,90.0
S1248,17,Female,3.0,3.5,1.6,No,98.6300210237632,9.069763812644892,Fair,4,High School,Good,3,No,54.1
S1249,19,Female,3.1,1.1,,No,55.86556226523063,2.0288984336918072,Good,2,High School,Good,10,Yes,58.4
S1250,22,Male,5.5,3.5,,Yes,75.48311361224827,4.300617680810674,Good,3,High School,Average,10,No,100.0
S1251,17,Female,4.3,4.3,,No,73.46572738684102,3.99308643319554,Fair,1,Master,Average,2,No,65.2
S1252,20,Female,4.2,1.2,,No,65.68392003669898,5.596480259291625,Fair,0,High School,Good,10,No,85.3
S1253,21,Male,6.7,1.4,,No,77.75528545069582,4.208735108937063,Fair,4,Bachelor,Good,2,No,93.8
S1254,17,Male,2.5,3.7,,Yes,74.54354944063547,11.072206081814537,Good,6,Bachelor,Average,8,No,78.8
S1255,19,Female,4.9,2.8,1.6,No,62.434840640352064,1.7027039646614128,Good,5,High School,Average,,No,85.0
S1256,23,Female,3.6,,2.7,No,69.62302710934559,12.38578349423725,Good,0,Bachelor,Good,5,No,64.5
S1257,22,Female,3.9,2.9,2.0,No,60.00266781276838,15.432246568327075,,3,Master,Good,,No,71.0
S1258,24,Female,,3.0,0.4,No,61.54747154144434,1.5741090916990055,Fair,3,High School,Average,7,No,90.8
S1259,19,Female,,0.9,,No,67.84161797381053,8.841329169255928,Fair,3,Master,Good,1,No,72.6
S1260,17,Male,4.3,3.8,1.1,No,86.58182468276732,0.0,Fair,1,High School,Average,,No,70.9
S1261,22,Male,5.1,3.9,,Yes,81.87290822641772,5.739189588944175,Fair,0,,Poor,3,Yes,65.1
S1262,,Male,3.0,2.2,2.3,No,64.01193386105369,3.6300636463570775,Poor,1,Master,Average,,,49.1
S1263,17,Female,2.2,2.4,2.3,Yes,93.71718003016086,10.608515218207229,Poor,5,Bachelor,Average,7,,62.7
S1264,19,Male,1.9,0.7,,No,80.42278569216384,10.516816246717777,,0,Master,Poor,4,No,51.5
S1265,18,Female,0.6,3.1,3.0,No,49.201903344133925,10.405389306066402,Good,2,Bachelor,Good,,No,18.4
S1266,20,Female,6.6,3.2,2.1,No,87.90907709780026,16.87747026406695,Fair,6,Master,Average,,Yes,100.0
S1267,24,Female,1.8,2.4,,Yes,71.84243746307799,7.012296718033059,Fair,2,Bachelor,Good,9,No,53.3
S1268,23,Male,3.2,3.8,,No,83.1595400535573,11.827203461803437,Fair,2,Bachelor,Poor,10,,76.1
S1269,19,Female,3.1,2.1,,No,68.61060120142926,0.0,Good,4,Bachelor,Average,8,No,85.6
S1270,22,Male,4.0,3.2,,Yes,75.21619541033155,2.7733581836745254,Good,5,High School,Good,3,Yes,63.0
S1271,24,Female,4.7,1.3,3.3,Yes,56.44451285720704,9.618133535543897,Good,2,Master,Good,1,No,73.6
S1272,24,Male,4.8,2.5,2.4,Yes,76.98758737988085,3.1457226395029596,Good,5,High School,Good,0,No,76.2
S1273,24,Male,,2.3,1.7,No,84.82470494255222,3.9034940320936817,Fair,1,Bachelor,Good,1,Yes,45.5
S1274,17,Female,3.2,2.8,,No,69.29978905860435,3.4418768383951797,Fair,3,High School,Average,4,Yes,58.6
S1275,20,Male,3.9,2.1,2.8,No,77.23535452660128,0.0,Fair,4,Bachelor,Average,7,No,77.8
S1276,17,Male,3.1,2.3,,Yes,62.29899156315955,4.933472448448307,Fair,3,High School,Good,4,Yes,61.5
S1277,22,Female,5.9,3.5,0.4,No,74.1321069942303,1.8787341885274227,Good,1,,Good,2,,71.4
S1278,17,Female,4.2,2.0,0.4,No,82.1109601470173,5.137674033654143,Fair,3,Master,Good,7,Yes,93.9
S1279,18,Female,4.6,0.6,2.1,No,63.721438650612654,0.0,Poor,0,High School,Good,8,,85.9
S1280,20,Female,,4.6,2.0,No,73.25844325702667,3.3606201751605087,Fair,2,Bachelor,Good,5,No,73.8
S1281,20,Female,5.3,4.2,1.1,Yes,60.054425981886986,1.5001431357876773,Good,2,High School,Average,8,No,83.3
S1282,22,Male,3.8,0.9,2.0,Yes,60.73641106429548,0.030819309438772202,Fair,2,,Good,10,No,79.7
S1283,23,Male,1.6,3.3,3.5,Yes,54.962146874061645,0.0,Good,6,High School,Good,,No,47.1
S1284,18,Male,4.1,,2.6,No,90.01092523763309,0.9767495272275255,,7,Bachelor,Good,8,No,91.9
S1285,19,Female,2.5,2.8,0.5,Yes,86.47733894710481,15.017399918985753,Poor,1,,Poor,5,Yes,60.6
S1286,17,Female,2.7,2.9,1.7,No,68.93817931864749,8.593411895188746,Fair,3,Master,Average,,No,46.6
S1287,21,Male,4.4,2.2,0.9,No,63.823818995251145,4.997898743758027,Good,6,High School,Poor,4,Yes,84.2
S1288,17,Male,5.4,,1.4,No,96.90160953753869,9.53663739727956,,2,High School,Average,4,No,95.5
S1289,24,Female,3.5,1.7,1.3,No,54.54228435282768,9.927335884220051,Good,2,High School,Good,8,Yes,73.5
S1290,17,Male,4.0,1.4,1.3,No,55.88679637781347,1.9831225790129658,Fair,3,,Poor,8,No,75.9
S1291,19,Female,6.1,1.5,0.4,No,93.10704083752684,11.206284917354504,,2,Bachelor,Average,,No,100.0
S1292,17,Female,3.9,,1.7,Yes,90.19114103102568,0.0,Good,3,Master,Average,7,Yes,74.2
S1293,18,Female,7.4,,1.2,No,96.6826290202814,4.388654520577816,,4,Bachelor,Good,10,Yes,100.0
S1294,18,Male,4.3,,0.0,No,93.66776889583029,0.19219516391709054,Fair,7,High School,Average,10,No,94.9
S1295,20,Female,0.9,4.3,,No,81.49456008084334,11.128038778120121,Good,6,High School,Average,5,,27.6
S1296,22,Female,4.6,1.8,3.0,No,66.65869854004106,0.0,Fair,7,High School,Average,8,No,86.2
S1297,23,Female,4.1,2.8,1.4,No,62.89660014517097,2.7917058213331076,Good,1,Master,Average,4,No,60.1
S1298,21,Female,5.4,3.1,,No,63.87461648761975,10.124342549882364,Poor,2,High School,Average,3,Yes,91.3
S1299,24,Female,4.5,,0.5,No,96.75843933466143,11.672291365868638,Fair,4,Bachelor,Average,10,No,93.8
S1300,17,Female,,2.6,3.7,No,61.275714883425046,4.328531842692368,Poor,6,High School,Good,4,Yes,61.6
S1301,17,Male,1.7,3.4,3.9,Yes,83.75401628658555,15.795614436444987,,3,High School,Average,5,No,41.7
S1302,19,Female,3.2,,2.0,No,82.3400730814791,1.5346982298534482,Fair,5,High School,Poor,10,No,74.5
S1303,22,Female,2.2,1.0,2.9,No,78.0756295733481,3.800498461907771,Good,6,,Good,6,No,63.7
S1304,18,Male,2.6,,,No,77.1294442629641,15.003041128376022,Good,1,Bachelor,Average,2,No,39.6
S1305,21,Female,4.4,3.6,,No,60.13639241339491,11.112343789532492,Fair,1,High School,Good,5,Yes,87.5
S1306,20,Female,6.0,1.6,1.3,No,99.53644767390593,20.594677042560104,,6,Bachelor,Average,,,100.0
S1307,18,Female,,2.5,1.9,Yes,100.0,21.261789432835602,Fair,3,,Good,4,No,75.4
S1308,24,Male,1.7,3.3,1.3,No,88.13545910413424,0.0,Fair,6,Master,Good,6,,61.5
S1309,22,Male,4.2,2.2,1.6,No,71.89594958360206,5.930358656892878,Fair,5,High School,Good,3,Yes,73.3
S1310,24,Other,5.3,3.8,1.7,No,61.14542703474807,2.029001304493372,Good,6,Master,Average,9,No,96.3
S1311,23,Female,,5.3,1.7,Yes,56.22161564070056,0.0,Good,5,Bachelor,Average,9,No,67.0
S1312,20,Male,3.3,1.6,1.9,No,97.95379689199267,17.69056252331394,Good,5,Master,Average,3,No,70.1
S1313,23,Female,3.5,0.8,0.6,No,70.41164396926533,3.1676053207124317,Good,1,High School,Good,4,No,84.2
S1314,19,Female,2.3,2.9,1.0,No,64.1623384579408,9.828089228933973,Good,1,Bachelor,Good,5,Yes,48.9
S1315,24,Female,,3.4,0.4,No,68.32090815868733,0.4907502481559749,Fair,5,High School,Poor,9,No,98.8
S1316,19,Female,3.3,2.2,2.9,Yes,66.1586585259607,17.051232482695127,Good,0,High School,Poor,8,No,76.1
S1317,17,Male,4.1,4.2,0.0,No,61.57848479410577,9.368856656408475,Good,0,High School,Average,8,,80.4
S1318,23,Male,2.2,0.9,,No,64.82245001164429,8.954147214439633,Fair,7,High School,Poor,6,,64.1
S1319,22,Male,2.8,3.3,,No,57.58740275599379,5.335121135602604,Good,5,Master,Average,4,,59.4
S1320,24,Female,4.6,1.8,1.5,No,70.9998414982603,10.681040151907752,Fair,4,,Poor,9,Yes,94.2
S1321,21,Male,2.9,4.6,0.0,Yes,54.23413892285319,0.0,Good,3,Bachelor,Good,,Yes,67.8
S1322,20,Male,6.1,4.9,1.4,No,64.46450319369234,5.043826888767012,,0,Bachelor,Good,10,No,96.1
S1323,18,Male,2.9,,,No,85.49706654755332,10.135138706896832,,0,Bachelor,Good,10,No,70.2
S1324,22,Female,3.8,1.8,0.7,No,99.89338522081917,8.264412058279193,Fair,5,Bachelor,Average,3,No,84.2
S1325,22,Female,4.9,3.5,1.2,No,56.8982262310148,17.027978996875856,Good,1,High School,Good,4,,75.4
S1326,19,Male,1.4,2.0,,No,75.73865985180892,17.271229196539164,Fair,0,Bachelor,Good,8,No,41.7
S1327,23,Male,0.9,2.4,2.5,No,73.67754666385817,0.0,,0,High School,Poor,2,No,23.1
S1328,24,Female,,2.5,0.8,Yes,84.89775471730545,9.128278867408195,Good,3,Master,Good,6,No,50.3
S1329,24,Male,5.4,0.2,0.0,No,64.58193833630031,9.286513716306791,,5,Bachelor,Average,,No,100.0
S1330,17,Male,2.7,2.5,1.4,No,97.00594423405232,6.49405212820667,Good,7,Master,Average,1,,52.2
S1331,17,Male,7.3,1.7,1.6,No,98.04449661512254,6.10151018294668,Fair,6,,Average,3,Yes,100.0
S1332,20,Male,2.7,1.9,,No,56.45806615564388,6.6486953953420125,,3,High School,Poor,7,No,71.2
S1333,19,Male,3.8,4.2,1.2,No,76.23452061722219,9.952833273247052,Good,1,High School,Good,10,No,72.3
S1334,22,Female,5.8,1.0,2.4,No,93.60551021743277,0.0,Fair,3,,Average,9,No,100.0
S1335,24,Male,6.5,3.5,3.9,No,88.12756573440124,10.745194856146774,Poor,5,High School,Average,7,Yes,100.0
S1336,21,Female,6.6,2.2,2.7,No,75.32707937932742,13.830570946096513,Good,2,Bachelor,Poor,8,Yes,100.0
S1337,19,Male,,2.2,1.7,No,83.89402721994193,8.532174712547391,,1,High School,Good,5,,93.1
S1338,20,Female,5.0,3.4,,Yes,70.15828990287916,1.046132293111365,Good,3,Bachelor,Average,2,Yes,67.7
S1339,20,Female,4.4,2.9,1.4,No,74.38000739191327,3.837258635216218,Fair,6,Master,Good,5,Yes,77.9
S1340,19,Male,4.7,3.2,3.1,Yes,52.40978571331006,0.0,Fair,4,Bachelor,Good,,No,80.3
S1341,20,Female,2.7,3.7,1.1,No,51.68063762689104,4.030474223394074,Fair,0,High School,Average,3,No,44.3
S1342,19,Male,2.3,,,No,61.427569681340145,5.457907985180909,Fair,5,High School,Average,4,No,54.7
S1343,18,Other,3.5,1.8,1.9,No,77.57246562996197,7.653185659410984,Fair,0,High School,Good,8,No,85.0
S1344,19,Male,3.2,1.2,1.2,No,71.37427491583193,7.763155994915254,Fair,1,High School,Poor,9,Yes,81.7
S1345,23,Male,2.8,1.5,0.3,No,96.38787503104348,0.0,Fair,2,Bachelor,Poor,5,,71.6
S1346,19,Male,4.5,6.0,2.2,Yes,71.4746359337922,14.085061263953609,Poor,3,High School,Good,3,,73.7
S1347,20,Other,4.9,4.0,1.7,No,84.5916294379982,17.506423710768978,Fair,1,Master,Average,4,No,77.0
S1348,24,Female,3.6,0.9,2.4,No,89.21170897823704,9.392980616314386,Poor,1,Bachelor,Average,3,No,72.3
S1349,23,Female,5.7,0.9,1.2,No,83.31531699456639,7.375949242143301,Poor,4,Bachelor,Average,7,No,100.0
S1350,20,Male,1.8,3.1,,No,61.84112226259941,2.4289771690899595,Good,4,High School,Average,8,No,54.0
S1351,,Female,3.2,3.2,,No,98.9565185671788,0.0,Good,1,High School,Good,6,No,70.4
S1352,17,Male,,3.2,3.7,No,82.0860581112348,17.766921599080472,,4,Bachelor,Good,5,Yes,47.0
S1353,24,Female,0.7,2.2,0.0,No,91.44507851333597,13.008708317618611,Fair,3,High School,Good,6,No,48.7
S1354,24,Male,3.4,2.3,2.3,No,83.58396355648377,0.0,Good,2,High School,Good,2,No,47.6
S1355,23,Male,3.3,2.9,2.3,Yes,80.78896351072815,10.862822244225057,Good,3,High School,Average,10,No,81.1
S1356,18,Male,5.8,,,Yes,39.54984525877821,22.230364296291466,Good,7,High School,Average,7,No,100.0
S1357,24,Male,4.4,0.0,,No,58.4414914699931,9.662906060248577,Fair,1,Bachelor,Average,1,No,81.9
S1358,17,Female,2.0,2.2,3.2,No,96.12107958097906,4.778032578099867,Good,5,High School,Average,6,No,56.3
S1359,19,Male,6.3,1.5,0.0,No,77.09376080863353,13.681638752791008,Good,5,Bachelor,Good,2,Yes,100.0
S1360,20,Female,5.3,2.7,2.4,Yes,89.96890772243773,1.9882843565590564,Good,3,High School,Good,7,No,81.0
S1361,17,Male,4.4,6.1,0.0,No,80.50287713644448,12.460404701896898,,5,Bachelor,Average,10,,84.9
S1362,17,Female,3.2,,0.7,No,63.2820910300191,1.332820860629887,Fair,6,Master,Poor,4,No,67.9
S1363,18,Male,2.1,,3.6,No,75.7153179823998,5.159432078669684,Fair,4,Master,Poor,5,No,56.9
S1364,23,Male,2.9,3.6,1.2,No,72.45259779176739,8.20827629081945,Fair,2,High School,Average,3,,45.9
S1365,23,Female,5.1,3.1,0.5,Yes,73.9994204140615,19.604635495521823,Good,0,,Poor,2,No,76.0
S1366,,Male,6.3,3.0,1.6,No,82.33461430023362,9.191614277400305,Poor,1,High School,Average,,Yes,94.8
S1367,18,Male,5.8,,4.1,No,63.35040563784226,4.190863938256409,Poor,6,Bachelor,Good,8,No,99.3
S1368,19,Female,2.8,5.0,0.0,Yes,57.481987512680455,6.648892583402314,Fair,4,Bachelor,Good,9,No,71.0
S1369,23,Female,1.8,1.1,0.6,Yes,83.00473326931169,13.053468012567444,Poor,5,Bachelor,Average,6,No,70.9
S1370,20,Male,3.7,3.1,3.4,Yes,81.11312647164901,9.346022506780699,Fair,2,High School,Average,6,Yes,59.8
S1371,,Male,0.8,1.4,3.8,Yes,61.83721778402191,6.472541410470932,Good,3,Bachelor,Average,10,No,36.0
S1372,18,Female,,3.2,1.7,No,57.70273575788983,5.007404983308817,Fair,6,High School,Good,3,No,68.4
S1373,24,Male,3.3,1.4,,No,56.97174154926714,5.616255763912059,Poor,0,Bachelor,Good,7,Yes,72.9
S1374,17,Male,2.8,2.0,4.1,Yes,76.76203840529476,2.7033121230920045,Fair,5,High School,Good,6,No,57.3
S1375,20,Male,1.1,2.1,,Yes,87.87746229487792,20.308922802816404,Fair,5,Bachelor,Average,1,Yes,50.3
S1376,20,Female,4.3,,,No,86.88537726365666,15.33993114203517,Poor,4,,Good,3,No,65.7
S1377,17,Female,2.7,3.6,0.9,No,70.35449193001273,10.293861827196043,Good,3,High School,Poor,7,Yes,67.9
S1378,18,Male,1.7,1.0,,No,58.84166909127735,0.7211457748386723,Good,5,Bachelor,Good,7,No,63.6
S1379,17,Male,0.0,2.6,1.6,No,60.27488637835424,19.45491538452923,Good,5,High School,Average,2,,32.9
S1380,24,Male,3.5,1.6,2.2,No,64.3878823811168,13.983309464914434,Good,1,Bachelor,Average,6,,67.7
S1381,22,Female,6.2,1.0,3.4,No,71.12274671000245,0.28771139907948584,Poor,3,Bachelor,Good,10,No,100.0
S1382,20,Male,6.0,2.2,2.8,Yes,74.60760111236468,15.554239961690376,Good,0,Bachelor,Average,5,No,96.8
S1383,21,Male,2.8,2.1,,No,79.33598251646507,0.0,Good,1,High School,Poor,8,Yes,71.0
S1384,21,Female,2.6,5.4,3.3,No,76.91441716259048,1.83382849376728,Good,0,High School,Poor,10,No,59.8
S1385,,Male,4.2,3.0,2.1,No,58.36933327947124,8.812896175743724,Poor,3,Bachelor,Poor,2,No,64.2
S1386,19,Female,2.0,0.8,2.6,No,71.91757650794585,5.334356825579912,Good,1,High School,Poor,4,No,45.2
S1387,23,Male,4.0,1.8,3.4,No,70.91743665848014,11.516337814773422,Good,1,Bachelor,Poor,,Yes,82.9
S1388,17,Male,4.6,3.7,0.6,No,74.01489271619258,18.75742662877608,Good,4,High School,Average,3,Yes,73.2
S1389,17,Male,5.3,5.0,1.8,No,58.37244691056094,0.21877489461868896,Poor,3,High School,Average,,No,79.6
S1390,19,Female,3.3,0.6,1.2,Yes,59.71941966623712,12.102443229157963,Good,3,High School,Good,10,No,73.0
S1391,19,Female,3.2,0.2,,Yes,77.53072248979316,1.0105966139228626,,5,,Average,,No,72.6
S1392,24,Female,2.2,4.7,2.2,No,78.20208686849236,4.895462203798548,Good,1,High School,Poor,2,No,45.2
S1393,24,Male,2.3,3.0,4.6,No,48.15827018305567,8.91361502842719,,4,Bachelor,Average,10,No,51.8
S1394,19,Female,3.2,1.5,0.0,No,49.32190756855293,17.153115071351568,Good,4,Bachelor,Good,10,No,92.0
S1395,20,Male,4.1,3.1,,No,86.05329793137416,1.960497135719002,Fair,5,High School,Good,8,,77.8
S1396,24,Male,4.9,0.0,2.5,Yes,76.67216337597682,12.908358759034545,Fair,4,Master,Average,0,No,97.2
S1397,22,Female,2.3,2.5,1.9,Yes,74.99307671595925,0.0,Fair,5,Bachelor,Good,10,,71.9
S1398,24,Male,5.7,2.9,1.7,No,64.29991060646093,9.283618797869682,Good,1,Master,Good,,Yes,69.1
S1399,17,Male,3.1,,0.4,No,52.98752976500445,8.63575092040033,Poor,4,Bachelor,Good,4,Yes,59.6
S1400,24,Male,3.5,1.3,2.1,No,78.12533318543785,4.280651481087748,Fair,0,Bachelor,Good,3,,60.4
S1401,20,Male,2.4,2.6,,No,85.75264877345114,6.254824274692468,Good,3,,Good,3,,48.3
S1402,19,Male,0.0,1.4,0.0,No,87.24528563887974,1.4977646085878604,Good,4,High School,Good,7,Yes,50.1
S1403,17,Female,4.8,2.8,3.1,No,82.87857591840469,0.0,Fair,2,,Good,6,No,74.9
S1404,24,Male,4.6,1.4,2.9,Yes,66.97331988375629,8.958373367240826,Good,6,Bachelor,Average,6,Yes,85.6
S1405,20,Female,3.1,2.0,1.9,No,85.20175572494583,0.0,Good,2,High School,Good,9,Yes,65.4
S1406,,Female,3.6,1.3,2.1,No,63.940258007213274,0.0,Poor,3,Bachelor,Good,9,Yes,82.4
S1407,,Male,4.3,3.3,3.0,No,83.03427982239646,7.130640370423028,Fair,5,High School,Poor,7,Yes,67.3
S1408,20,Male,1.2,3.5,,No,81.64396541880413,11.16953647176841,,3,Bachelor,Good,1,No,34.3
S1409,22,Male,2.7,2.2,2.8,No,93.83783933859827,7.187497537647532,Fair,3,High School,Average,3,No,53.0
S1410,19,Female,4.7,2.5,1.5,No,68.23531515981551,0.0,Fair,7,High School,Average,,No,78.0
S1411,24,Male,1.6,0.8,3.2,Yes,71.33050412383695,19.65505931623693,Good,3,High School,Good,10,No,58.2
S1412,22,Female,3.9,2.1,2.2,No,51.82132769462978,0.0,Good,1,High School,Average,10,No,73.7
S1413,17,Male,1.5,2.4,,Yes,84.17576849771363,8.799100618730435,Poor,4,High School,Average,9,No,60.3
S1414,19,Female,4.2,5.6,0.4,No,91.3113648636754,15.58187058236719,Poor,0,Bachelor,Poor,5,Yes,78.7
S1415,17,Male,3.4,1.2,2.1,Yes,73.31959760062036,9.30617835765447,Fair,4,,Average,4,Yes,68.3
S1416,21,Male,1.1,4.3,0.9,No,80.4050510568588,6.78622905737922,Fair,2,High School,Average,9,No,49.9
S1417,18,Female,5.2,3.7,1.1,No,85.80865458281203,11.223257170970797,Fair,3,Bachelor,Average,9,,100.0
S1418,24,Female,2.4,2.8,0.9,No,63.43563437301037,3.045408064555672,,3,,Average,3,Yes,54.7
S1419,22,Male,2.3,4.6,0.6,No,73.46508032147358,4.963778398954897,Good,7,Master,Good,4,No,58.7
S1420,18,Female,3.8,2.9,4.1,Yes,47.11819397711169,19.234430643146755,Fair,4,Master,Good,3,,70.8
S1421,18,Female,5.2,3.0,3.3,No,68.52221357408968,3.564012382812282,Good,4,,Poor,9,,87.1
S1422,22,Female,2.0,2.4,3.9,No,59.94655719447262,10.340925841613334,Fair,3,High School,Good,2,Yes,29.5
S1423,19,Female,3.6,4.0,,No,74.917865388122,1.8935917971173755,Good,2,High School,Poor,0,,53.2
S1424,24,Male,4.1,3.8,1.9,Yes,67.2180171663306,0.0,Fair,1,Bachelor,Poor,10,No,73.0
S1425,21,Male,4.5,1.7,,No,81.14135867854795,2.1374642353477555,Poor,3,Bachelor,Poor,2,Yes,71.1
S1426,17,Male,3.8,0.9,1.0,No,83.08648653189536,10.040616651326998,Good,4,Bachelor,Good,9,No,80.9
S1427,20,Female,,,0.8,Yes,57.58733030916973,15.17039179849518,Fair,4,Bachelor,Good,9,No,75.1
S1428,17,Female,2.3,1.5,3.2,No,87.21003104856648,10.596969897568718,Good,2,High School,Average,4,No,52.4
S1429,20,Male,3.6,2.4,,No,50.385635336845496,0.0,,1,Bachelor,Average,6,No,67.6
S1430,17,Male,1.9,4.0,3.0,No,74.18366407534539,0.0,Poor,0,Bachelor,Average,6,Yes,35.7
S1431,22,Female,0.0,2.0,2.5,No,78.33317236997654,11.489988878964986,Poor,3,Bachelor,Average,1,No,29.9
S1432,21,Other,4.2,2.4,,No,74.40807799251752,4.115411582874636,Fair,0,Master,Good,8,No,70.7
S1433,24,Female,4.9,2.6,0.2,No,97.93070919597072,0.4191860045648903,Good,1,Bachelor,Average,4,Yes,89.3
S1434,20,Male,0.0,3.5,3.2,No,57.79998357510969,0.6273446248473589,Fair,3,High School,Good,2,,26.2
S1435,24,Male,2.0,0.0,3.1,No,67.75941480427116,0.0,Good,5,High School,Average,3,Yes,58.3
S1436,,Male,4.4,1.8,0.7,No,72.72603644219853,15.510224341424708,Good,4,High School,Good,3,Yes,78.4
S1437,24,Female,6.6,2.8,2.9,No,77.046541056136,1.846794175585825,Good,2,,Good,9,No,100.0
S1438,23,Male,3.5,3.9,2.2,No,69.55085659702333,12.051415140485043,Fair,2,Master,Average,4,Yes,66.8
S1439,19,Female,2.4,1.9,1.5,No,82.06599121905528,7.065780460276792,Good,7,High School,Good,,No,63.8
S1440,17,Male,3.2,0.2,0.9,No,92.54367463049124,14.430226089354417,,5,Bachelor,Good,6,No,76.1
S1441,24,Female,5.6,3.2,,No,18.272867475561597,8.029125569751633,Fair,4,Bachelor,Average,9,No,82.7
S1442,17,Female,2.5,1.7,4.1,No,77.79479463417306,0.6691636658870096,Poor,4,,Average,7,No,65.0
S1443,24,Female,2.3,1.1,1.8,Yes,67.20461727174045,18.10567160430135,Fair,4,Master,Good,,No,66.8
S1444,20,Male,2.8,1.8,2.7,No,62.677608451050844,0.0,,4,Master,Average,1,Yes,64.9
S1445,19,Male,2.1,2.3,0.9,No,65.00223786696425,2.5503775098132655,Good,4,Bachelor,Poor,10,No,63.1
S1446,19,Male,3.7,,0.9,Yes,72.87948168817206,6.271778336202338,Fair,0,High School,Average,,No,56.3
S1447,22,Female,5.9,0.0,3.0,No,78.70065988425831,6.615586641552868,Fair,1,High School,Good,0,Yes,93.6
S1448,23,Female,4.0,3.6,0.3,No,68.81694206088821,12.399501587708386,Good,6,High School,Good,10,Yes,91.9
S1449,22,Female,3.1,4.0,1.3,No,93.06223000378039,0.0,,7,High School,Good,9,Yes,74.0
S1450,22,Female,3.1,,1.8,No,82.65440067687881,18.040374422874233,Fair,3,Bachelor,Average,,No,62.7
S1451,22,Female,,1.1,1.9,No,59.771563107554414,7.1378756459775445,Poor,4,Master,Poor,,No,58.6
S1452,22,Male,4.8,2.3,1.6,Yes,47.36934321842752,6.4138278549898065,Good,3,Bachelor,Good,5,No,89.3
S1453,22,Female,3.4,2.5,2.2,No,51.23399346639169,9.756654630420813,Poor,1,Master,Good,4,No,63.4
S1454,21,Male,3.2,,2.6,Yes,60.26935461560882,0.0,Fair,4,Bachelor,Poor,2,No,46.7
S1455,19,Male,8.3,3.3,,Yes,66.67154935115838,4.991213748388957,Fair,4,High School,Average,8,No,100.0
S1456,22,Female,3.9,1.6,0.7,Yes,58.38285829651623,12.020836187180791,Good,4,Master,Poor,0,No,68.7
S1457,24,Male,2.4,2.6,1.5,No,74.02371173344795,4.870105161360025,Good,2,High School,Good,5,No,58.9
S1458,19,Male,,3.0,3.1,No,59.94423239245768,2.664733896468478,Good,4,Master,Good,2,No,59.0
S1459,19,Female,5.2,4.2,,Yes,100.0,0.0,Poor,3,High School,Good,,No,77.9
S1460,,Male,3.7,3.3,0.3,Yes,86.03360473057212,6.04954396143275,,7,High School,Good,4,No,72.3
S1461,21,Female,1.3,3.4,2.2,No,80.91570146823223,9.885229279546738,Fair,5,Master,Poor,4,No,49.7
S1462,22,Male,4.9,2.6,0.0,Yes,56.54787013908076,10.848518579127571,Poor,3,Bachelor,Good,,No,80.9
S1463,17,Male,2.5,,1.9,Yes,83.14858157579654,0.0,Fair,1,Master,Good,1,No,44.5
S1464,20,Male,6.3,3.0,3.9,Yes,57.15833047128385,21.959337592594693,Fair,3,Master,Average,5,No,85.3
S1465,23,Male,5.1,1.5,0.8,No,66.9755323054459,7.52324225678042,Fair,7,,Good,5,No,83.2
S1466,24,Female,,4.2,,No,60.185975403629826,0.0,Good,2,Bachelor,Average,,,59.7
S1467,17,Male,5.4,3.3,2.6,No,67.91635348844402,14.991531688255636,,7,High School,Good,7,,98.1
S1468,21,Female,3.6,2.0,,No,59.64758750244979,7.249239072009392,Good,0,Bachelor,Good,3,Yes,66.8
S1469,20,Male,4.8,1.9,1.1,No,80.05981999875608,5.575356609080869,Fair,1,Bachelor,Good,,Yes,96.1
S1470,21,Female,4.2,2.9,,No,45.98533519490098,7.554639023830584,Fair,0,High School,Good,2,No,60.4
S1471,24,Female,,3.1,1.1,No,100.0,0.0,Fair,0,Bachelor,Poor,5,No,33.8
S1472,19,Female,2.5,2.7,,No,66.21915369062822,3.1938903543086403,Poor,2,Bachelor,Average,,No,56.1
S1473,20,Male,5.0,2.9,,No,89.84673785367004,0.4577933862828713,Poor,5,High School,Average,,No,80.6
S1474,19,Male,3.0,4.5,2.3,Yes,59.01779057417082,0.0,Fair,5,Bachelor,Good,6,No,52.6
S1475,24,Male,2.9,3.8,2.1,No,77.27494362230708,1.6490954613881286,Good,7,Bachelor,Good,6,Yes,52.1
S1476,17,Female,2.1,2.7,1.4,No,55.51064536489473,5.849909933215714,,6,Master,Good,3,Yes,39.9
S1477,24,Male,4.1,3.6,2.2,No,88.19276329433472,7.868156256086725,Poor,5,High School,Poor,9,,84.0
S1478,,Female,6.6,1.3,1.7,No,80.60329824182448,7.966906552949581,Good,6,High School,Good,3,Yes,97.7
S1479,20,Female,1.9,3.0,,No,93.62735809327097,4.139575222445845,Good,5,Bachelor,Good,,,43.3
S1480,20,Male,3.5,4.7,1.3,Yes,58.40744969386675,10.390742040980887,Good,5,,Good,0,No,55.9
S1481,22,Female,5.6,2.2,,No,47.44228357977099,18.759122514284247,Good,0,Master,Poor,7,No,84.6
S1482,21,Male,3.4,1.5,,No,69.28249288259688,1.4910920520120525,Fair,1,,Poor,1,No,67.0
S1483,,Male,4.2,1.7,1.8,No,50.35640184174537,10.709710874091519,Fair,4,Bachelor,Poor,3,No,76.0
S1484,21,Female,1.9,1.2,0.9,No,72.22194639820337,8.252502527729511,Fair,3,Bachelor,Good,6,Yes,56.9
S1485,22,Female,4.1,1.6,,No,85.0557223139057,0.9907806286773451,Fair,6,High School,Good,2,No,77.5
S1486,,Female,3.2,2.1,,No,90.58327459828529,0.0,Fair,1,,Good,2,No,69.4
S1487,20,Male,5.0,0.8,,No,79.90648182027627,13.196689520366977,Fair,7,Bachelor,Average,5,Yes,94.6
S1488,17,Male,5.3,2.5,2.7,Yes,97.67390969185277,8.623599506585078,Good,4,Bachelor,Average,,Yes,93.4
S1489,21,Female,7.4,3.6,1.3,No,85.25117984606916,7.664937072700138,Good,2,High School,Good,6,,100.0
S1490,24,Female,4.4,1.4,2.2,No,85.1515280078312,8.95656392318404,Good,3,Master,Good,2,Yes,63.6
S1491,21,Female,,,2.4,No,72.83025653791717,4.40402522137209,Good,1,High School,Good,1,No,53.0
S1492,17,Male,3.8,3.1,2.3,No,69.90969404591657,13.569753932585687,Good,3,High School,Good,5,No,67.8
S1493,22,Female,3.0,3.7,0.9,No,40.26343854708092,0.0,Poor,6,Bachelor,Average,9,No,73.9
S1494,21,Male,4.0,1.7,2.0,No,62.80677890611799,10.737850054892117,Fair,3,High School,Good,6,No,66.5
S1495,23,Male,3.1,3.5,2.2,No,77.66259677730446,1.6915706095983718,,0,Master,Good,8,No,49.9
S1496,19,Female,3.8,1.2,1.8,No,66.95238003098714,3.282794757850041,,7,High School,Average,8,No,73.9
S1497,20,Male,5.5,3.6,0.0,No,63.0677715449934,0.0,Fair,1,,Average,,,80.3
S1498,17,Female,2.0,2.7,2.0,No,63.172600340954176,8.243095960706345,Good,5,High School,Average,,No,71.7
S1499,20,Male,5.2,3.2,4.2,Yes,70.27709925613016,19.52705223933159,Poor,0,Bachelor,Poor,10,No,83.3
S1500,23,Male,5.5,1.1,1.4,No,90.476873088887,3.662967869241366,Fair,1,Bachelor,Good,,No,84.5
S1501,21,Female,3.3,1.4,,No,90.4244111548442,4.710517176903281,Good,1,Bachelor,Poor,6,No,74.9
S1502,21,Female,0.3,,,No,56.24348876486071,4.984066002602001,Poor,2,,Average,3,Yes,34.0
S1503,24,Female,2.6,1.4,2.1,Yes,63.79991464259134,12.521539038507635,Fair,0,High School,Average,6,No,63.0
S1504,23,Female,,,3.1,No,67.85410385876,0.2331542104615418,,2,Bachelor,Good,3,No,77.9
S1505,17,Female,3.5,0.9,0.4,No,56.98017418932179,7.696185947923488,Fair,4,,Average,,Yes,72.9
S1506,24,Female,2.0,3.5,2.6,No,72.01961523791557,4.090882992374654,Good,6,Master,Good,,No,53.2
S1507,19,Female,2.7,1.0,2.4,No,74.8953233356815,21.15273831535405,Fair,2,,Poor,,No,57.3
S1508,24,Male,4.8,3.2,1.6,No,77.59245555982352,17.981188557235868,Fair,5,Bachelor,Poor,0,Yes,76.6
S1509,18,Female,4.3,,2.2,No,77.03068923691679,8.134688624265866,Poor,7,High School,Average,3,,64.6
S1510,17,Male,3.1,1.7,2.9,Yes,66.48095406967668,3.1844388086323128,Good,0,Bachelor,Average,3,Yes,51.1
S1511,18,Other,2.9,3.2,2.8,No,95.45374330082507,2.4472771672560567,Fair,4,High School,Average,2,No,63.0
S1512,23,Female,2.9,2.8,0.5,No,93.9274121443477,1.1337127853474789,Good,6,,Poor,2,Yes,61.6
S1513,22,Male,2.1,1.9,2.7,Yes,54.30773085864382,0.0,Good,2,High School,Good,6,No,62.5
S1514,18,Female,5.9,1.3,1.7,No,61.64433434540773,9.243716371137502,Fair,4,High School,Good,2,Yes,87.1
S1515,19,Female,3.0,0.1,,No,88.00525726263902,0.0,Good,6,High School,Poor,6,Yes,82.5
S1516,24,Male,5.3,2.9,1.9,No,89.49637702755444,6.575399651619746,Good,3,Bachelor,Poor,6,Yes,80.9
S1517,22,Female,5.8,0.6,,No,49.302713224091306,11.99838844619197,Fair,5,Bachelor,Good,7,No,100.0
S1518,24,Female,5.0,,3.1,No,83.51519913553079,6.528153746640082,Poor,1,Bachelor,Good,4,,79.6
S1519,18,Male,2.9,2.2,1.7,Yes,80.00555944324941,9.7500263428667,Good,2,Bachelor,Average,,No,71.2
S1520,24,Female,4.1,3.3,0.6,Yes,70.52440048766978,4.228430834991531,,1,Bachelor,Good,1,No,62.7
S1521,23,Male,3.5,2.1,,No,89.19114694212786,2.0575175712396927,Fair,1,High School,Good,4,,64.2
S1522,22,Female,2.1,2.1,2.0,No,51.84707730212567,13.724133834855579,Fair,0,High School,Good,5,Yes,44.1
S1523,23,Other,,3.4,3.2,No,62.95877859210486,15.934183717115445,Good,6,High School,Average,1,No,61.7
S1524,18,Female,1.7,2.9,2.5,No,69.1199257881456,8.986188300188491,Good,1,Bachelor,Average,8,Yes,39.9
S1525,23,Male,5.3,2.9,0.9,No,98.9995995735741,2.6101773095129195,Good,3,High School,Poor,3,No,84.1
S1526,19,Female,2.8,3.1,4.5,No,85.06283426248578,11.976613548233699,,2,,Good,3,,40.7
S1527,18,Female,3.8,,2.1,No,70.98783849098452,5.928791106288122,Good,5,Bachelor,Good,10,No,81.8
S1528,18,Male,3.9,3.4,,No,53.09939883155326,6.051624091545017,Fair,6,High School,Average,9,Yes,77.0
S1529,18,Female,3.1,3.2,1.6,No,76.17226325023812,23.260407056098657,Fair,5,Master,Good,2,,65.7
S1530,17,Male,4.4,1.3,,No,83.67986860245108,0.0,Good,3,Master,Good,7,,80.9
S1531,24,Female,2.8,2.2,2.7,No,49.48645858636547,0.6350261368826831,Good,0,,Good,2,,47.4
S1532,17,Male,4.8,2.5,3.1,Yes,71.74242669842769,8.00135403882509,Fair,5,High School,Good,6,Yes,83.0
S1533,17,Male,1.5,,,No,90.80198477837105,0.0,Fair,0,High School,Good,10,No,54.2
S1534,19,Male,3.7,,2.8,No,84.38820889776721,4.357674391270402,Good,5,Bachelor,Average,7,No,82.5
S1535,22,Female,6.4,4.2,,Yes,76.2682893260405,2.2904659270573045,Fair,1,High School,Good,6,No,85.0
S1536,24,Male,2.0,3.8,1.2,No,77.74237080978027,13.998822341118707,Good,1,Bachelor,Good,7,Yes,40.4
S1537,23,Female,2.5,0.9,,Yes,41.119606123745086,0.33119287680566034,Good,4,Bachelor,Average,7,No,58.9
S1538,21,Male,4.3,3.2,2.8,No,61.30579306551468,8.451650662663763,Poor,3,High School,Poor,6,,67.5
S1539,18,Male,3.8,4.1,1.6,No,99.67748987888204,0.0,Good,3,,Good,6,Yes,81.0
S1540,23,Female,4.0,3.0,3.0,No,82.61514162327937,9.203291721392855,,4,Bachelor,Average,7,Yes,74.7
S1541,18,Female,,3.8,3.4,Yes,88.93025709809453,10.575859145145056,Good,2,High School,Good,6,No,67.4
S1542,19,Male,4.5,4.9,0.8,No,57.00750599067204,16.460529632452975,Good,1,Bachelor,Poor,9,No,72.2
S1543,18,Female,5.2,3.7,0.9,No,89.32057952929276,24.0,Good,0,High School,Poor,1,No,77.1
S1544,17,Female,4.1,2.8,,No,90.60644661073727,24.0,Poor,7,Bachelor,Average,7,No,87.9
S1545,24,Female,3.1,3.8,2.1,No,88.66173348171303,9.745685680228643,Fair,4,Master,Average,5,Yes,54.1
S1546,21,Male,4.5,,,Yes,86.695735550889,12.731948278989679,,3,Master,Good,0,Yes,62.9
S1547,20,Male,6.3,2.5,3.3,No,95.9403637159887,5.70936192158504,Fair,7,High School,Good,5,,95.6
S1548,18,Female,3.3,2.1,2.3,No,66.80551694851177,5.062532560023824,,5,High School,Poor,2,No,67.1
S1549,23,Male,2.0,4.4,1.8,No,95.11221779796638,9.327951283394047,Good,3,Bachelor,Average,3,No,51.5
S1550,17,Female,5.2,1.5,,Yes,77.98695291268696,9.026140686184508,,5,High School,Average,7,No,97.9
S1551,20,Female,3.3,4.3,0.4,Yes,93.10143041543303,9.675231695300955,Poor,1,High School,Average,,,67.0
S1552,21,Female,0.2,3.1,2.1,Yes,63.610097791088805,0.0,Good,5,Master,Good,3,Yes,31.5
S1553,20,Female,4.8,0.8,0.0,No,58.311619167328104,3.8499161337483323,Good,6,High School,Average,2,No,88.0
S1554,17,Other,2.7,2.9,2.9,No,62.91540373212895,0.0,Fair,1,,Poor,7,No,53.4
S1555,24,Male,3.4,0.0,,No,83.16871111994753,9.151704057943506,,4,,Average,9,Yes,83.4
S1556,24,Female,4.0,3.3,5.4,No,81.65635355490356,16.412690540782926,Fair,7,Bachelor,Poor,6,No,79.0
S1557,22,Male,3.8,3.6,4.3,No,89.20191211049267,0.0,Poor,1,Bachelor,Poor,8,Yes,69.9
S1558,24,Male,4.6,1.8,1.6,No,77.85854889389483,10.90669479357681,Fair,1,High School,Average,1,Yes,60.1
S1559,,Female,2.8,2.6,1.7,No,69.69783570455515,11.054357294660145,Fair,5,High School,Good,3,No,70.3
S1560,,Female,4.3,4.8,,Yes,75.32233608930495,9.293544249469761,Fair,3,High School,Good,9,No,79.8
S1561,19,Other,3.1,1.9,3.7,No,79.8138158937915,3.2797665601070443,Good,1,Bachelor,Good,10,Yes,66.6
S1562,,Female,4.6,1.2,,No,61.150964492461505,22.14631222452564,,3,,Average,7,No,91.7
S1563,23,Male,4.4,,0.0,Yes,100.0,16.187677773404697,Fair,4,Master,Average,3,No,70.1
S1564,20,Male,2.1,4.9,1.1,No,86.9048832133248,16.054919725548046,Good,3,High School,Average,,,61.5
S1565,18,Female,5.1,2.5,2.4,No,73.72500312381518,7.952548259146823,Poor,0,Master,Good,7,No,79.3
S1566,18,Male,2.7,3.7,2.3,No,77.54760167913142,0.0,Poor,4,High School,Good,5,Yes,63.9
S1567,24,Male,4.7,4.1,3.0,No,63.96698067323973,4.8377531596182575,Good,4,Bachelor,Poor,10,Yes,93.1
S1568,23,Male,4.1,1.6,0.5,No,72.51306639794325,12.057661386289245,Poor,6,High School,Poor,8,Yes,89.8
S1569,23,Male,6.3,1.9,0.0,No,84.35709027246656,7.918677357832539,Fair,6,,Good,,Yes,100.0
S1570,22,Male,3.2,4.0,2.7,No,67.5850326619389,1.5095901057127152,Good,7,Master,Good,5,Yes,61.8
S1571,19,Male,3.0,4.5,0.9,No,46.3859631814579,9.80353383103294,,2,Master,Good,5,Yes,51.5
S1572,17,Male,3.5,3.2,0.0,No,83.09486580443816,9.252305892838981,Good,3,High School,Good,2,No,60.4
S1573,18,Male,3.0,1.4,2.0,No,73.48099927697132,4.189457573685429,Fair,4,Bachelor,Good,2,No,67.2
S1574,23,Other,4.7,4.9,2.7,No,75.0211763225989,23.234971521357725,Poor,5,Bachelor,Average,2,,89.6
S1575,22,Male,1.1,,1.7,No,87.14887547384211,0.0,Fair,3,Master,Good,4,Yes,48.3
S1576,21,Male,1.9,2.1,1.3,No,74.35088264851946,2.1458483624520497,Fair,2,High School,Good,10,No,61.7
S1577,22,Female,1.9,2.9,1.6,Yes,85.27922999465855,8.076005847841076,Fair,3,Bachelor,Good,,,44.4
S1578,18,Male,4.9,4.4,1.4,Yes,83.3320800163428,9.60098608698709,Fair,5,High School,Average,3,,77.2
S1579,18,Female,6.1,3.5,0.3,Yes,66.01459622980927,0.0,Good,3,High School,Average,,,100.0
S1580,,Female,3.3,3.0,1.0,No,86.0937628914569,16.811345876918697,Good,5,Master,Average,3,No,73.0
S1581,17,Male,3.2,3.1,,No,74.74655801569521,0.0,,2,High School,Average,,No,68.5
S1582,20,Male,3.6,2.6,2.2,No,65.14954442392163,1.4385210987935706,Fair,1,High School,Good,,No,61.0
S1583,,Female,5.2,3.2,2.0,No,60.706508551640354,13.4647577357906,,1,Bachelor,Poor,2,Yes,70.5
S1584,22,Female,2.1,0.0,0.7,No,38.931007292395705,2.235072609665395,,1,Bachelor,Average,6,,52.5
S1585,23,Male,3.9,2.1,,No,68.1655055140576,0.0,Good,3,High School,Good,2,No,62.8
S1586,22,Female,,2.8,0.0,Yes,87.43404742187347,21.791333307894824,Fair,4,High School,Poor,6,Yes,83.5
S1587,19,Male,4.3,1.1,2.0,No,88.64356793082924,6.783747488023956,Good,5,Master,Average,,No,71.4
S1588,20,Other,3.8,3.0,,No,50.878802019614625,14.840390963488694,Fair,1,High School,Average,,,61.5
S1589,21,Male,5.0,2.3,,No,54.2724255368015,0.0,Poor,7,Bachelor,Good,,No,75.4
S1590,17,Female,0.0,4.6,1.2,No,92.0221237405127,0.0,Poor,7,Bachelor,Average,6,No,42.0
S1591,24,Female,4.5,4.4,2.2,No,77.7131867866347,12.690225524145351,Fair,4,High School,Good,0,No,64.0
S1592,21,Female,2.5,1.9,3.2,Yes,80.0888707226511,1.7769879053461242,Fair,4,Master,Average,2,No,60.1
S1593,20,Female,0.8,2.3,,Yes,75.29414895797252,13.197750349163284,Poor,4,Bachelor,Good,7,,34.7
S1594,20,Male,4.3,2.4,1.0,Yes,92.10346590110296,0.1568746946399461,Good,3,High School,Average,,No,88.0
S1595,20,Male,5.6,,0.0,No,69.38943923594165,11.990519921083079,Fair,5,Bachelor,Average,6,No,100.0
S1596,21,Male,3.3,2.7,1.9,No,76.36901276271266,12.770723409411122,Fair,2,Bachelor,Poor,1,No,66.1
S1597,23,Male,4.9,1.6,4.0,No,79.33718289749663,0.0,Fair,5,Bachelor,Poor,7,No,95.5
S1598,20,Female,5.9,1.1,2.1,Yes,52.292061354365394,2.911963496995028,Poor,3,Master,Average,1,Yes,86.4
S1599,22,Male,5.5,,1.8,No,87.8379266328411,6.462440755483999,Fair,1,High School,Poor,6,No,77.3
S1600,21,Male,6.0,3.3,2.2,No,68.78894184407416,0.4742663591188238,Fair,1,High School,Average,8,Yes,90.2
S1601,,Other,,1.5,,No,71.69385589649916,7.493241181905445,Fair,0,High School,Good,,Yes,80.2
S1602,20,Female,3.6,3.6,0.9,No,53.659763548726104,0.590662789793062,Poor,3,,Average,10,Yes,72.9
S1603,22,Female,1.1,1.7,2.7,No,78.49025595603536,3.7814024875427155,Fair,4,,Average,,No,35.8
S1604,23,Other,3.1,2.8,,No,86.46378923106762,4.501540981240377,Poor,4,Master,Good,8,Yes,72.8
S1605,19,Male,2.2,3.5,1.8,No,86.99499204907904,0.0,Good,5,Bachelor,Good,7,No,67.6
S1606,23,Male,6.8,2.5,,No,87.15264099443723,4.037042972527798,Good,0,Bachelor,Poor,4,,93.1
S1607,24,Female,3.2,3.0,,No,77.54792201559047,4.105029261753124,Poor,3,Bachelor,Average,8,Yes,57.5
S1608,20,Female,3.7,1.9,2.5,No,59.1014077295627,11.98595513742216,Fair,3,Bachelor,Good,5,Yes,61.1
S1609,24,Male,4.3,2.3,,No,64.85062334668197,0.0,Poor,4,High School,Poor,6,,77.4
S1610,21,Female,3.6,2.3,2.9,No,87.71658611607577,9.395124528785182,Fair,1,Master,Good,3,No,69.6
S1611,18,Male,6.0,1.6,1.3,No,77.01023576523428,1.4924506424277977,Fair,5,High School,Poor,8,No,100.0
S1612,20,Male,2.6,2.3,0.9,No,85.37781881286399,2.438121599837953,Fair,1,Master,Good,8,,69.3
S1613,18,Female,3.8,0.6,,No,74.45414642917657,14.015334749179763,Fair,4,Bachelor,Average,9,,85.7
S1614,22,Female,2.4,1.9,,No,54.39288949324593,18.23082354912215,Good,5,High School,Good,2,,53.9
S1615,19,Female,1.5,2.2,2.3,No,72.16616408056181,0.0,Fair,1,Bachelor,Average,0,No,43.7
S1616,17,Male,2.6,2.2,0.0,No,86.92565597928981,0.0,Fair,2,Bachelor,Good,9,No,79.3
S1617,24,Female,3.4,2.2,0.4,No,79.07233215092226,3.6089022647318223,Fair,5,High School,Poor,6,No,71.3
S1618,23,Male,2.9,2.4,0.0,No,75.07419572013683,0.39141087465847174,Good,0,Bachelor,Average,0,Yes,61.4
S1619,19,Male,2.5,,,No,59.452800749382476,0.0,Good,1,High School,Good,,No,45.1
S1620,20,Female,1.4,3.5,1.6,No,64.81150261744523,9.531972045594177,Fair,3,,Average,,,39.8
S1621,18,Female,3.4,1.7,,No,87.92588794654816,0.0,Good,1,Master,Good,3,No,70.7
S1622,23,Female,1.2,1.1,,No,71.8038989286282,7.395253409230016,Fair,0,Bachelor,Average,3,Yes,35.6
S1623,18,Female,4.6,1.2,0.5,No,83.22934666987189,3.1290053662063677,Good,4,Master,Good,3,No,93.0
S1624,21,Female,3.6,1.9,2.3,No,70.64977594709565,1.0278049206491024,Good,4,Bachelor,Average,7,,83.2
S1625,18,Female,1.3,,,No,77.45563324370697,0.0,Poor,4,High School,Good,1,Yes,46.6
S1626,21,Male,3.0,1.6,2.1,No,61.36015697558234,9.607042959428279,Good,5,Bachelor,Good,9,Yes,70.8
S1627,22,Male,2.4,0.9,,No,87.20426504453167,0.0,Fair,3,Bachelor,Average,9,,78.3
S1628,23,Male,4.0,2.0,2.0,No,68.4166880607701,6.892712716317764,Fair,4,Master,Good,,,70.7
S1629,23,Male,5.5,,3.2,Yes,66.2799824705496,7.949350229090452,Fair,5,High School,Good,,No,82.6
S1630,17,Female,0.7,3.2,2.4,No,70.9297941683945,0.0,Good,1,Master,Average,10,Yes,50.3
S1631,20,Female,3.7,1.8,1.3,No,76.17486282295069,0.0,Fair,6,Master,Good,9,No,80.9
S1632,,Male,3.3,,2.1,No,77.81932401324968,0.0,Poor,2,Bachelor,Poor,8,Yes,75.4
S1633,17,Male,4.5,1.4,1.5,No,77.5306795674748,6.772206785779507,Good,2,Master,Good,,Yes,83.7
S1634,18,Female,3.8,2.5,1.8,No,59.45946305904521,15.159939324133784,Poor,5,High School,Average,7,No,76.8
S1635,18,Male,2.4,,1.4,No,86.04217523730489,0.0,Poor,2,Master,Poor,2,No,45.8
S1636,17,Female,3.0,3.2,1.6,No,63.82855009606189,15.742883881205502,Fair,3,Bachelor,Average,0,Yes,58.4
S1637,23,Female,2.3,0.4,2.0,No,56.47533035309867,10.038966413399141,Fair,5,,Good,2,Yes,70.3
S1638,18,Female,5.1,2.1,,Yes,45.620098538845824,11.338135811095052,Fair,0,Master,Good,9,Yes,99.4
S1639,24,Female,3.5,2.9,0.7,No,63.852366286314584,18.988697383144878,Poor,3,High School,Good,2,No,62.9
S1640,22,Female,6.4,2.7,0.3,Yes,74.68199198472337,4.692557801932276,Good,0,High School,Average,6,No,98.0
S1641,22,Male,3.4,5.7,0.0,No,89.20017501147082,4.922067892190717,Good,7,Bachelor,Poor,5,No,74.7
S1642,24,Female,2.4,2.9,,No,47.736905163985476,2.358691770937878,Fair,6,High School,Good,3,Yes,50.4
S1643,17,Female,1.2,1.3,2.0,No,71.27678669592072,1.5716885389352138,Fair,7,High School,Good,4,No,49.4
S1644,24,Male,0.8,2.4,0.8,No,98.43061385097413,13.842850779459706,Fair,2,Bachelor,Average,,,35.3
S1645,21,Female,1.1,0.4,2.4,Yes,87.90271311144477,1.2879696386187596,Good,2,,Average,2,Yes,46.3
S1646,21,Female,3.9,2.4,1.8,No,76.43625501208166,14.567640682458986,,1,High School,Average,4,No,68.4
S1647,17,Female,4.3,1.5,0.0,No,72.35619519073308,0.0,Poor,7,,Average,4,No,84.2
S1648,24,Female,1.1,3.6,2.5,No,76.14663367220557,11.374340363256582,Good,3,High School,Good,10,Yes,54.6
S1649,21,Female,4.8,1.8,2.7,No,60.230234484156355,7.37039392662555,Fair,5,Bachelor,Average,,,88.0
S1650,23,Female,2.8,2.4,0.7,No,50.06420417306781,0.0,Fair,1,Bachelor,Good,5,No,61.5
S1651,24,Female,3.7,1.7,2.3,Yes,55.47782473149582,3.90875237645066,Good,0,Master,Average,6,No,75.7
S1652,23,Female,5.9,4.6,0.9,No,93.68039478959678,7.218505248888268,Good,4,Bachelor,Average,10,No,100.0
S1653,,Female,4.8,2.1,1.9,No,88.45287477480937,6.209212707389045,Fair,1,High School,Good,,No,82.6
S1654,22,Female,3.1,4.7,0.4,No,63.81781371461354,2.352773118999902,Good,3,Master,Good,,No,71.5
S1655,21,Female,2.2,3.5,,No,56.95511707645398,5.489181170117253,,0,Bachelor,Average,,No,57.6
S1656,23,Male,0.3,3.1,1.4,Yes,68.13558717662728,9.588635021170209,Good,3,Bachelor,Good,5,No,36.1
S1657,19,Female,2.4,2.9,1.7,No,67.40131417606858,0.0,Fair,0,Bachelor,Average,8,Yes,67.4
S1658,20,Female,3.2,3.0,1.4,Yes,77.91805688079302,4.434912578466053,Good,2,Master,Good,9,No,74.8
S1659,18,Male,2.0,0.2,,No,36.18489054499076,3.417315482166816,Good,3,Bachelor,Average,10,Yes,73.6
S1660,24,Female,3.3,2.2,1.4,No,64.62489499869767,0.11877303707272364,Good,1,High School,Good,,Yes,79.5
S1661,19,Male,3.6,,2.1,No,53.39836722647374,7.099687232249033,Good,4,Bachelor,Poor,,No,62.5
S1662,21,Male,3.2,2.4,1.8,No,63.35588975310131,6.434532944111866,Fair,4,,Average,8,Yes,76.3
S1663,22,Female,2.5,0.8,2.0,No,80.88670664050898,23.178076999437284,Fair,4,High School,Good,5,,75.6
S1664,17,Male,3.8,2.4,1.1,No,74.5973867394511,0.0,Fair,5,High School,Good,5,No,64.4
S1665,21,Female,4.2,4.5,,No,59.4883011333149,0.0,Good,3,High School,Average,9,No,75.3
S1666,22,Female,1.9,4.0,0.5,Yes,48.49780798360863,5.144588447087181,Good,1,,Average,9,Yes,50.4
S1667,20,Female,5.6,2.4,2.3,No,83.06631076995828,15.417803827673627,Fair,6,High School,Average,10,Yes,100.0
S1668,21,Male,3.4,3.6,3.1,No,73.24260363369153,15.963937779220783,Good,1,Bachelor,Good,10,No,76.4
S1669,23,Male,3.5,2.1,,No,68.48140254976332,0.7869583572929862,Good,2,Bachelor,Good,9,No,69.9
S1670,17,Female,4.6,0.5,,No,70.13634777073385,0.0,Good,3,Master,Good,9,,88.9
S1671,22,Other,3.8,1.4,1.2,No,78.25425219413407,11.983740716348482,Good,1,High School,Average,3,,70.4
S1672,22,Female,4.9,,2.9,No,71.5041857588611,0.0,Fair,1,Bachelor,Good,4,No,69.4
S1673,22,Male,3.9,2.2,,No,81.67145117279885,2.353657463387812,Poor,2,Master,Average,7,Yes,84.9
S1674,20,Female,2.6,2.2,0.7,No,84.50728994274405,11.24800736333007,Poor,1,High School,Poor,5,No,63.6
S1675,21,Female,4.0,2.1,1.4,No,88.60516295282375,12.536270533368729,Fair,1,Bachelor,Good,7,No,82.2
S1676,20,Female,1.8,4.8,3.2,No,89.29324115898312,8.96115735895104,Good,4,Bachelor,Good,4,No,37.4
S1677,24,Male,,4.5,2.2,No,62.26769710735609,14.580738395110748,Good,2,,Good,,,73.8
S1678,18,Female,3.5,5.2,,Yes,44.087696211929156,7.840549159219392,Good,0,Master,Good,1,Yes,53.4
S1679,18,Female,3.2,2.3,,No,42.31944597224839,0.0,Good,1,Bachelor,Good,7,No,64.2
S1680,24,Other,3.3,2.9,1.1,No,81.16343620957211,10.559146169877625,Poor,6,,Good,3,No,70.4
S1681,21,Male,0.7,0.7,1.0,No,55.364783616515915,21.8850765317041,Poor,5,,Average,4,No,51.5
S1682,23,Female,2.7,4.3,,No,85.58923516158652,0.0,Poor,4,,Average,9,No,53.4
S1683,20,Female,3.6,1.1,,Yes,69.68095938958135,2.712764819384305,Fair,3,High School,Good,,No,77.2
S1684,17,Male,3.7,2.8,,No,85.86482692278267,3.037282402723911,Fair,3,Bachelor,Good,4,Yes,59.8
S1685,,Female,2.0,1.2,2.7,No,57.65030279729006,6.812109979306418,Poor,5,Bachelor,Average,7,No,55.4
S1686,22,Female,,1.8,3.0,Yes,69.24034151237863,3.8401532681176773,Fair,1,High School,Average,,No,69.9
S1687,21,Male,2.2,1.5,1.3,Yes,84.70989028554843,0.2839787568640735,Poor,5,Master,Average,10,,71.6
S1688,23,Male,5.0,1.8,1.6,No,93.22563608176684,6.598535903963149,Good,6,High School,Poor,7,No,92.9
S1689,18,Female,4.1,1.9,0.2,No,59.978468315370385,0.0,Fair,7,,Good,1,No,72.4
S1690,18,Male,2.5,,1.2,Yes,87.55659631590969,5.212594137057564,Fair,0,High School,Average,,No,70.5
S1691,22,Female,6.2,3.5,,No,70.73199114842546,1.8091523943311054,Fair,6,Bachelor,Good,8,No,100.0
S1692,21,Male,1.7,1.2,3.2,No,76.46147164903411,8.799576618348777,Good,4,High School,Average,5,,37.4
S1693,20,Female,4.9,2.8,0.6,No,87.35944172535056,10.735176196906346,Fair,6,High School,Average,,,88.7
S1694,,Male,5.0,4.0,1.4,No,77.68355724175962,1.3297355118727001,,6,High School,Poor,9,No,88.6
S1695,20,Female,2.5,1.9,1.6,No,80.54832616048415,3.3035999880166784,Good,3,Bachelor,Good,9,,68.5
S1696,23,Other,,1.6,,No,73.43593945836697,13.507106730629832,Fair,6,Master,Good,5,No,100.0
S1697,18,Other,3.1,2.2,2.5,No,70.79358453814572,1.990051587095363,Good,3,High School,Good,9,No,66.9
S1698,18,Female,3.9,3.9,,No,76.42427579418194,2.227002029041583,Fair,5,High School,Poor,9,,71.5
S1699,19,Male,3.9,2.7,1.6,No,74.19874460128698,0.0,Fair,2,Bachelor,Average,,No,77.8
S1700,18,Female,3.3,1.9,1.3,No,100.0,11.574846594789268,Poor,0,Bachelor,Poor,,Yes,67.7
S1701,24,Male,4.7,3.1,0.9,No,59.3721105487002,1.9294121437920584,Good,5,High School,Average,,Yes,96.4
S1702,17,Male,4.7,1.2,,No,67.61734575041969,7.641010394828488,Fair,2,Master,Good,2,No,83.1
S1703,24,Male,0.9,,1.6,Yes,79.10488773374814,0.0,Poor,5,Bachelor,Good,,No,37.9
S1704,21,Female,5.5,3.0,1.4,No,60.02955720232514,13.766305965066605,Fair,5,High School,Good,3,Yes,76.3
S1705,21,Female,1.0,,1.0,No,71.65696873249804,19.463626000068686,Fair,0,Bachelor,Average,7,Yes,52.6
S1706,20,Female,5.0,1.5,,No,48.16100912513993,0.5479574331645469,Poor,2,Master,Average,4,No,83.6
S1707,24,Male,5.2,1.4,3.6,No,85.51147056204118,15.586038952771538,Good,5,Bachelor,Average,7,No,92.0
S1708,24,Male,1.9,3.1,2.0,No,83.40824665854576,15.692505189158242,Good,5,,Poor,,No,53.2
S1709,24,Other,2.9,4.0,2.9,No,59.06162104351028,12.67360631072761,,5,High School,Good,5,Yes,56.4
S1710,23,Male,1.8,1.7,0.3,No,77.96612821591091,9.904232439475427,Fair,4,High School,Good,0,,58.1
S1711,18,Male,3.2,3.1,2.0,No,81.29167483650997,0.0,Good,4,High School,Average,7,,70.9
S1712,17,Male,3.0,0.0,0.6,Yes,85.50054657349935,8.534241341383916,Fair,4,Bachelor,Average,10,,98.7
S1713,20,Female,4.7,1.8,,Yes,84.12295631603023,3.4288985068921374,Fair,2,Bachelor,Good,7,No,83.3
S1714,24,Female,5.5,2.5,1.0,No,84.76552148900001,14.192326618847343,Fair,1,Bachelor,Good,0,,80.6
S1715,24,Male,5.6,1.4,,No,83.13229109630915,2.2969259378378224,Good,0,Master,Good,9,,91.3
S1716,19,Male,2.7,1.4,2.8,No,83.43379946583417,6.810830181871874,,2,High School,Average,6,Yes,63.5
S1717,20,Female,3.2,1.7,,Yes,96.76971394993639,11.116028444536113,Good,2,Master,Average,,Yes,66.3
S1718,24,Female,1.0,2.9,,No,73.48131150336802,0.0,Poor,4,Bachelor,Good,7,No,49.9
S1719,20,Male,2.3,2.3,,Yes,49.139169255467515,0.0,Fair,0,High School,Good,9,No,68.9
S1720,18,Female,4.9,0.0,2.1,Yes,100.0,0.8332321728110414,Good,3,Bachelor,Average,5,,94.2
S1721,19,Male,5.9,0.0,,Yes,85.27870504555756,10.857552845967852,Poor,2,High School,Good,7,No,100.0
S1722,20,Male,1.6,1.8,0.0,No,89.70120517824003,2.9993954838047214,Good,2,Bachelor,Good,4,,58.6
S1723,17,Female,,3.0,0.8,No,54.89666490342068,7.686037909674131,Good,4,Bachelor,Average,3,No,53.2
S1724,17,Male,3.5,0.0,,No,78.00581993511906,11.101884438482244,Poor,3,High School,Average,5,Yes,70.5
S1725,21,Female,3.9,1.9,2.4,No,66.9885410827246,3.4480575837854373,,2,Bachelor,Average,1,No,64.0
S1726,19,Male,2.3,1.9,0.0,Yes,93.4047301854255,12.728172602416857,Fair,7,Bachelor,Poor,8,Yes,77.4
S1727,19,Male,4.1,4.2,1.6,No,85.29805888732471,5.751780803633086,Good,2,High School,Good,6,,57.4
S1728,21,Other,2.8,2.0,2.0,No,66.77290389439686,7.524794454513171,Fair,2,,Average,3,Yes,59.9
S1729,,Male,3.5,3.0,2.7,No,71.5107096199207,2.0994345765025053,Fair,6,High School,Good,8,,66.7
S1730,19,Female,4.3,2.7,2.6,Yes,97.23063310745431,6.809648362642088,Good,2,Bachelor,Good,,No,58.4
S1731,17,Male,3.5,0.0,,No,81.27316315585283,3.3548713268126216,Good,3,Master,Poor,0,,63.6
S1732,17,Male,2.8,3.4,0.9,No,43.873203612371725,4.043502814288705,Poor,3,Master,Average,8,No,62.6
S1733,24,Male,3.3,,0.0,No,93.30422603653626,18.153002526692152,Fair,3,Bachelor,Good,6,No,70.6
S1734,18,Female,3.4,,1.4,No,84.07778707861124,10.32826253181413,Poor,3,Bachelor,Good,5,No,75.2
S1735,19,Male,,7.2,2.9,Yes,84.54151200871557,5.713175690558565,Fair,1,High School,Good,6,No,50.1
S1736,20,Female,3.1,0.0,3.3,No,73.9548646849773,0.0,Fair,0,Bachelor,Average,7,No,72.8
S1737,21,Male,,4.6,2.6,Yes,68.69050665826573,10.363337784666511,Fair,0,High School,Average,1,Yes,72.7
S1738,21,Other,4.3,2.2,2.3,No,58.1824416749743,3.243762073780884,Fair,3,High School,Good,5,Yes,76.0
S1739,20,Male,3.1,2.8,,No,90.90674057972893,0.0,Poor,7,Bachelor,Good,8,Yes,74.1
S1740,23,Female,4.5,2.4,1.2,Yes,56.83567519017282,0.7670762563896372,Poor,3,,Average,3,Yes,79.0
S1741,22,Female,3.0,,1.7,No,100.0,0.0,Poor,1,Bachelor,Good,,No,51.3
S1742,18,Female,5.3,1.8,3.6,No,82.24665367522577,0.0,Fair,3,Bachelor,Average,1,Yes,71.0
S1743,21,Female,4.1,2.9,0.8,Yes,85.96297485232733,2.335817568933094,Good,6,High School,Good,2,Yes,76.4
S1744,19,Female,3.3,0.7,3.6,No,68.87917621609716,13.328369014615497,,2,High School,Good,,Yes,52.6
S1745,18,Female,4.2,3.4,1.4,No,63.8930916451453,0.0,Good,2,Master,Average,4,,74.0
S1746,19,Male,1.1,2.0,3.3,No,56.046308367965224,6.685454619663165,Good,4,Bachelor,Good,8,No,42.6
S1747,,Male,,1.1,0.3,No,67.01330489554995,3.468322118452204,Good,2,High School,Average,,,49.8
S1748,,Female,1.7,,2.4,No,77.25218376998474,0.0,,4,High School,Average,9,No,45.7
S1749,18,Female,3.7,4.0,1.0,No,65.6234757025653,0.0,Good,0,Bachelor,Poor,,Yes,77.2
S1750,,Female,6.1,1.9,0.2,No,69.66023471033421,6.525539337976477,,5,Bachelor,Poor,6,,98.5
S1751,21,Female,6.8,,,No,55.22393816480019,6.754733116033577,Fair,1,High School,Average,8,No,96.2
S1752,18,Male,,1.6,2.9,Yes,69.44754840776243,3.7359463030156634,Good,3,High School,Good,4,,71.3
S1753,18,Male,4.3,3.4,0.9,No,81.71697056807245,18.53975644602957,Fair,0,Master,Good,3,No,59.2
S1754,18,Female,0.8,3.3,0.2,No,80.77273881839392,0.0,Good,3,Bachelor,Poor,10,,51.8
S1755,22,Male,2.7,4.7,1.7,Yes,71.71233064130064,5.407891024042448,Poor,1,Master,Good,8,No,59.3
S1756,18,Male,2.3,2.3,1.7,No,79.25878440117927,0.0,Good,4,Bachelor,Good,4,No,58.5
S1757,19,Female,2.6,,2.4,No,50.24029948577713,0.0,,0,Master,Good,2,Yes,44.5
S1758,17,Male,3.2,2.6,2.8,No,74.02027616920182,7.417068922923173,Fair,2,High School,Good,10,Yes,75.4
S1759,23,Female,2.8,4.1,1.7,Yes,100.0,0.0,Fair,2,Bachelor,Average,5,Yes,54.9
S1760,20,Male,0.5,,3.8,Yes,56.242256678086164,17.59907546328553,Good,3,,Average,2,Yes,30.2
S1761,18,Female,4.6,3.4,2.0,No,73.13682675399801,2.831203725201321,Good,0,Bachelor,Good,1,Yes,71.8
S1762,21,Male,1.9,2.3,1.4,No,62.71248531973773,0.4268280814494941,Fair,4,High School,Poor,,No,51.8
S1763,18,Male,3.9,2.4,0.0,Yes,86.08375234960184,0.0,Good,3,High School,Poor,,Yes,59.5
S1764,21,Male,6.6,,1.5,No,78.80228190309424,10.23090119163993,Fair,2,Master,Poor,3,No,96.6
S1765,19,Male,2.1,2.8,,Yes,59.153128928263925,0.0,Poor,2,Master,Average,,No,44.1
S1766,21,Male,0.0,,2.9,No,70.56903860047353,11.570023722400352,Poor,2,,Average,7,No,30.5
S1767,24,Male,3.1,2.8,2.3,No,72.52256836090689,0.12524958752641896,Poor,0,Bachelor,Average,10,No,63.7
S1768,20,Female,5.2,4.4,0.5,No,77.81260112403172,8.748769453018872,Fair,2,High School,Poor,4,,74.0
S1769,17,Male,6.4,3.7,2.0,No,74.9331328973573,5.366480480825437,Fair,7,High School,Good,3,No,98.8
S1770,21,Female,1.7,3.5,2.5,No,92.17988962659189,0.0,Good,6,Bachelor,Good,10,No,53.0
S1771,,Female,4.2,2.0,3.5,No,90.41294802526713,10.74615577849911,Good,6,High School,Average,10,,84.6
S1772,17,Female,2.8,1.4,2.8,No,57.179310545845496,10.571395429630329,Poor,4,Master,Poor,6,No,73.0
S1773,20,Male,3.3,3.6,2.6,No,96.36991953106289,12.53877984543187,Fair,3,High School,Poor,3,Yes,57.1
S1774,18,Female,7.5,3.6,1.9,Yes,82.21373174171187,8.655490364320123,Fair,5,Bachelor,Average,4,No,100.0
S1775,21,Male,1.2,4.3,2.2,No,45.93823704967666,1.9839457857534544,Fair,1,Bachelor,Average,,No,36.2
S1776,17,Male,3.9,1.8,3.2,No,90.60913863028809,10.314588551076929,Poor,0,High School,Average,4,No,65.6
S1777,24,Other,4.2,2.2,0.3,Yes,71.04312788561074,7.3940170651517825,Poor,4,High School,Good,,Yes,87.5
S1778,24,Male,5.1,0.5,1.4,No,79.51039221666828,0.0,Good,3,Bachelor,Average,8,No,100.0
S1779,19,Female,3.6,2.0,1.0,Yes,76.51798533390975,8.165613846160614,Good,7,Bachelor,Average,10,No,85.6
S1780,17,Female,4.0,3.7,,No,78.08046467721348,0.0,Poor,0,High School,Average,9,Yes,89.4
S1781,19,Female,2.9,1.9,3.2,No,68.67521279163702,12.453099191906247,Fair,3,Bachelor,Good,5,No,66.9
S1782,24,Female,3.9,3.3,1.1,Yes,86.55670675499763,8.942356579003475,Fair,0,,Good,2,No,56.0
S1783,20,Male,3.0,2.3,0.0,No,54.068969624740205,0.0,,1,High School,Good,,,77.9
S1784,18,Male,4.4,2.9,1.3,No,80.72005644040944,0.0,Fair,4,High School,Good,10,,91.3
S1785,17,Female,2.9,1.1,,No,100.0,12.175586302895464,Poor,2,,Average,7,No,68.4
S1786,23,Male,4.1,2.6,2.4,No,67.95603839640262,5.196495758830185,Good,1,Bachelor,Average,10,No,85.3
S1787,24,Male,3.5,0.0,2.3,No,71.25204401270874,0.0,Fair,4,Bachelor,Good,,Yes,64.4
S1788,24,Male,5.2,2.3,1.5,No,66.7520541435618,4.734693816723528,Fair,6,Master,Poor,2,No,82.8
S1789,23,Male,3.4,0.5,,No,57.829930237912734,7.844918951361126,Fair,4,Bachelor,Good,3,No,78.0
S1790,22,Male,0.8,3.9,2.4,No,56.52786276088041,6.671589265397811,Fair,0,Master,Good,,No,31.5
S1791,24,Male,5.4,3.4,0.9,No,60.74449381127031,6.008491643104903,Fair,0,Bachelor,Good,9,No,92.3
S1792,21,Female,2.1,3.1,4.2,No,72.28210682458946,0.0,Fair,2,Bachelor,Poor,,Yes,50.1
S1793,20,Female,2.5,4.3,2.4,No,63.957901482313204,0.0,Fair,3,Master,Good,3,,49.4
S1794,17,Female,2.6,1.4,1.2,No,83.89660404253347,8.614167731894618,,4,Bachelor,Average,7,No,80.3
S1795,23,Male,5.6,4.6,1.1,No,76.41368512574356,10.45951831837685,Good,6,,Poor,7,Yes,89.7
S1796,21,Male,0.3,3.6,1.7,No,79.35841780970429,0.0,Poor,3,Bachelor,Average,4,Yes,33.6
S1797,23,Male,8.2,2.2,1.5,No,66.65556025516906,4.687837015253388,Poor,1,Master,Good,5,Yes,100.0
S1798,17,Female,5.1,3.9,3.0,No,67.42241345461325,0.0,,0,Bachelor,Average,10,No,90.6
S1799,19,Female,3.8,1.2,2.0,No,70.35031039037099,4.426910236708577,,2,Bachelor,Average,3,,66.3
S1800,17,Male,3.4,1.5,1.0,No,70.32046739990832,9.765401819611284,Good,4,Bachelor,Poor,8,,86.1
S1801,22,Female,3.9,1.8,3.9,No,73.53357578852712,15.452754620799945,Fair,1,Master,Good,5,,65.5
S1802,17,Male,4.3,1.9,1.9,No,68.60546771711594,0.0,Fair,4,,Good,1,No,82.9
S1803,17,Female,4.5,1.2,2.6,No,83.23445850262073,10.432945779267623,Good,0,Bachelor,Good,,,76.3
S1804,22,Female,4.3,4.0,1.1,Yes,78.66167631390849,3.3494097198738126,Good,2,High School,Average,2,Yes,59.0
S1805,20,Female,3.6,2.2,2.2,No,61.94070367355501,11.986735814200905,Fair,3,Bachelor,Average,10,Yes,76.1
S1806,24,Female,3.2,2.9,2.1,No,68.4005974981138,12.162022389459866,Good,0,Bachelor,Good,1,,40.3
S1807,17,Female,3.3,1.8,0.0,No,60.447083652323904,10.303899237183693,Poor,1,High School,Average,,Yes,65.2
S1808,,Male,3.2,0.3,,Yes,51.58960168468912,4.18174556408678,Good,3,High School,Good,0,No,43.9
S1809,21,Female,5.2,2.8,,No,71.24307772606471,14.78575631195919,Good,0,Bachelor,Good,8,,89.5
S1810,19,Male,4.4,0.2,,No,67.08478304968246,7.375766808564824,Good,1,High School,Average,10,,80.7
S1811,19,Female,0.0,,0.6,Yes,56.805851092261335,0.0,Good,5,High School,Average,5,No,53.0
S1812,17,Female,4.5,0.9,,No,80.96259018229237,13.627168289577542,Good,1,Bachelor,Good,,No,70.6
S1813,20,Female,3.8,,1.9,No,77.48220177102652,0.0,Poor,6,High School,Average,5,,65.5
S1814,20,Male,3.5,3.6,2.2,No,68.9825341287748,0.0,,2,High School,Average,8,No,75.1
S1815,21,Female,2.9,2.6,2.0,No,68.62122719250652,7.276159394149902,,0,Master,Good,0,No,43.5
S1816,17,Female,,4.0,,No,96.05095890726581,13.18792427472234,Fair,0,High School,Average,10,,80.6
S1817,19,Female,4.9,1.5,3.4,No,72.39996523512409,4.401303362515509,Good,6,High School,Good,6,,88.2
S1818,20,Male,2.3,3.2,2.4,No,77.61427684704024,8.506385776329722,Fair,5,Bachelor,Poor,0,,48.5
S1819,17,Male,4.1,2.7,0.6,No,79.05807378121257,2.0286442484954827,Fair,0,Bachelor,Good,3,No,67.3
S1820,23,Male,2.0,2.8,3.3,No,84.44847847128901,11.723820275406233,Fair,1,Master,Poor,4,No,50.7
S1821,20,Male,1.4,4.0,3.6,No,88.58033743342386,0.0,Good,3,Master,Poor,4,No,35.4
S1822,22,Female,2.6,3.4,,No,83.0731983643681,0.0,Poor,0,Bachelor,Good,1,No,49.1
S1823,23,Male,4.8,2.8,,No,90.23582579236773,4.825344794593303,Fair,4,High School,Good,2,No,85.4
S1824,24,Other,4.9,0.5,,No,59.81862939713187,16.83828241508602,Poor,1,,Average,3,No,83.9
S1825,20,Male,4.3,1.3,0.0,Yes,60.71361202276901,12.80486385503997,Good,0,High School,Average,6,No,90.4
S1826,19,Male,4.6,2.4,2.4,No,64.04491254046961,10.057729332648384,Poor,4,High School,Good,5,No,87.8
S1827,18,Female,4.3,2.6,,No,58.83185829915746,0.0,Good,5,Bachelor,Average,8,No,87.5
S1828,23,Female,2.5,1.1,3.9,No,98.16351156919046,9.322129275486404,Fair,7,Bachelor,Good,7,No,58.2
S1829,24,Female,4.1,5.4,0.9,No,63.96492382909528,9.13065880045843,Poor,2,,Good,7,Yes,73.2
S1830,,Female,4.7,4.3,0.0,No,82.62471587030495,8.861792563822057,Good,6,Bachelor,Good,6,No,83.5
S1831,21,Female,4.6,3.2,1.3,No,59.36204895504859,18.000641846127646,,5,High School,Average,0,Yes,77.6
S1832,19,Male,5.3,2.6,0.0,Yes,87.31017847245894,0.0,Fair,6,High School,Average,8,Yes,98.4
S1833,20,Other,4.6,2.2,2.6,No,64.24366413086294,9.519298513469435,Poor,7,Bachelor,Good,2,No,78.5
S1834,17,Other,4.0,1.4,0.0,Yes,100.0,0.0,Fair,3,High School,Poor,5,Yes,81.1
S1835,20,Female,5.1,2.6,1.8,No,77.55723616934065,9.721658557378236,Fair,5,High School,Average,10,No,100.0
S1836,19,Male,3.5,2.8,,No,92.88444181806294,2.948005070351035,Fair,4,,Poor,5,,58.7
S1837,21,Female,2.2,1.0,1.4,No,68.04245797667329,2.5241947212045264,Poor,2,High School,Poor,9,,62.6
S1838,20,Male,3.3,2.9,3.6,No,96.25467330103993,0.0,Fair,5,Bachelor,Average,,,60.3
S1839,21,Male,2.4,2.3,2.2,No,52.60283512329621,16.567669348235796,Good,7,Master,Average,2,No,63.9
S1840,23,Male,2.5,0.2,0.9,Yes,64.88217835938691,0.0,Good,3,High School,Good,5,,80.0
S1841,24,Male,3.3,1.5,1.8,Yes,77.37990987143633,0.0,Fair,5,High School,Average,5,No,62.6
S1842,17,Female,2.3,2.0,,No,65.41023175212436,0.0,Fair,2,Bachelor,Average,10,No,71.4
S1843,23,Female,3.0,4.8,2.3,Yes,88.39026581772464,5.054349731325731,Fair,4,Master,Poor,3,No,60.6
S1844,21,Female,0.7,3.2,0.3,Yes,56.341634663821786,15.879408331967964,Fair,1,High School,Good,,Yes,47.2
S1845,21,Male,3.8,0.9,2.5,No,65.08355645101854,1.6785429072861051,Poor,6,High School,Average,5,Yes,78.1
S1846,18,Male,3.5,3.1,0.0,No,64.56928589935637,7.088100999514104,Fair,2,Bachelor,Good,6,,75.5
S1847,18,Male,2.3,0.6,1.1,No,91.61599932196782,16.138908392326083,Fair,1,Bachelor,Good,10,No,73.5
S1848,23,Other,4.5,3.8,1.3,No,54.43689144789554,2.6742738125493983,Fair,4,High School,Poor,7,No,74.6
S1849,22,Male,4.9,1.9,,No,83.79853284141257,3.392225219744941,Fair,4,Bachelor,Average,9,,98.7
S1850,23,Female,1.1,2.4,1.8,No,52.185473448812104,0.0,Good,4,High School,Average,5,Yes,49.2
S1851,18,Female,2.4,4.1,0.3,No,97.59034918104535,0.0,Poor,4,Bachelor,Good,9,No,67.4
S1852,21,Male,2.3,1.0,0.7,No,55.49284613836003,14.400755956303344,Good,6,Bachelor,Good,9,,72.5
S1853,19,Female,2.1,0.8,2.0,No,79.31517610450163,9.819705761869455,Good,5,Master,Good,10,,68.4
S1854,23,Female,4.7,1.8,1.7,No,64.01515847766245,6.562150105911046,Fair,2,High School,Average,4,,70.0
S1855,21,Female,3.2,3.7,1.2,No,52.55933661355139,3.9302410899089617,Fair,5,High School,Good,,No,56.1
S1856,19,Female,3.1,0.7,1.3,Yes,73.56502351761816,0.0,Fair,1,High School,Poor,5,Yes,81.5
S1857,19,Male,0.5,0.0,2.6,Yes,85.1372486110739,8.340056627419363,Poor,4,Master,Poor,9,,45.0
S1858,18,Male,4.5,2.0,1.2,Yes,93.70480146001418,0.0,Fair,5,High School,Good,6,Yes,84.4
S1859,23,Female,1.6,3.2,1.7,No,89.06292770304334,3.1949004142670168,Good,2,High School,Good,,No,36.8
S1860,20,Female,3.6,3.9,4.2,No,78.99662718777995,19.306531418608504,Poor,2,High School,Poor,8,Yes,65.6
S1861,17,Male,3.9,1.9,,No,75.10807254088016,0.0,Fair,5,Bachelor,Poor,,Yes,93.5
S1862,18,Female,5.5,2.0,0.0,No,82.93557394718368,9.615725558719312,Good,5,High School,Poor,2,No,93.7
S1863,18,Female,1.5,3.9,2.7,No,72.52481773100915,2.7487367278227026,Good,0,High School,Poor,7,,42.3
S1864,20,Female,0.0,0.3,1.1,Yes,89.99244025911705,10.038994637905018,Fair,1,High School,Average,9,Yes,53.3
S1865,17,Male,3.8,2.0,1.4,No,88.94722481320782,4.873931309598949,Good,2,Master,Good,1,No,65.9
S1866,21,Female,6.2,2.7,0.9,No,73.0659119706906,5.3012973255260905,Fair,3,Bachelor,Good,4,,87.9
S1867,22,Female,5.4,3.0,1.5,No,100.0,3.849055799167658,Poor,5,Bachelor,Good,2,No,94.5
S1868,23,Male,3.8,1.9,3.6,No,73.02508885745011,6.407899471204173,Fair,6,Master,Good,1,No,77.8
S1869,22,Male,2.8,2.5,2.7,Yes,73.61776393535335,0.0,Fair,4,Master,Average,9,No,74.6
S1870,21,Other,4.7,0.0,,Yes,37.037194553136196,4.007302596075407,Good,2,High School,Good,,No,67.5
S1871,24,Male,,1.7,0.2,Yes,63.89187032976221,6.510736387341453,Poor,4,Master,Good,7,,66.5
S1872,18,Female,4.2,3.0,0.5,No,99.98044674245506,2.454596310543169,Fair,3,,Average,5,No,78.4
S1873,17,Female,4.3,,,No,78.26454236526082,12.47585965492251,,1,High School,Good,8,No,84.9
S1874,18,Male,5.1,,0.9,No,84.6345784777838,0.0,Fair,0,Master,Average,9,No,96.6
S1875,19,Female,7.6,3.0,,No,89.21358672159738,1.5669112649980637,Poor,1,High School,Good,4,No,100.0
S1876,,Male,4.1,,2.4,No,86.92303711809001,7.597617213946128,,3,High School,Good,9,No,83.1
S1877,18,Female,2.7,2.7,1.6,No,68.13814890034153,1.2147481769704744,Good,0,High School,Average,2,No,36.9
S1878,21,Male,3.5,1.3,1.8,Yes,48.87772337214399,0.0,Fair,4,Bachelor,Good,2,No,60.0
S1879,21,Female,0.8,2.3,,No,79.51685824954586,0.0,Fair,2,High School,Poor,7,,44.3
S1880,21,Male,2.5,3.2,2.0,No,80.057385644769,0.0,Fair,2,Bachelor,Good,5,No,41.6
S1881,22,Male,2.9,2.7,,Yes,55.285083324669664,9.863969043891608,Fair,2,Master,Average,0,,45.5
S1882,19,Other,2.7,,,No,64.73044480958191,22.980991229811316,Fair,5,Bachelor,Poor,,No,68.2
S1883,24,Male,3.7,2.8,2.1,No,78.55489446977847,0.0,,7,High School,Average,,No,75.5
S1884,24,Female,2.3,,,No,87.6136377966331,9.510266895439962,Good,0,Master,Good,4,No,40.9
S1885,21,Male,5.2,0.0,,No,67.9185769110059,0.8083708637637266,Fair,5,High School,Poor,9,No,100.0
S1886,17,Female,3.5,3.9,2.6,No,61.09261867837641,2.3843485371219657,Fair,5,High School,Good,3,Yes,65.6
S1887,22,Male,3.5,2.1,,No,91.65533537788096,7.361116612436003,Good,4,,Poor,10,No,75.9
S1888,20,Other,3.0,,1.7,Yes,57.83513224229044,14.313700433423929,Fair,3,Bachelor,Good,8,Yes,69.8
S1889,17,Male,3.7,3.9,2.2,Yes,60.27428108550001,11.183953938609491,Fair,0,High School,Good,7,No,66.6
S1890,23,Male,4.7,0.9,1.0,Yes,87.31141718991236,0.0,Fair,4,High School,Average,3,No,84.5
S1891,23,Male,2.2,1.6,2.0,Yes,82.55298633333267,0.0,Good,6,High School,Average,5,Yes,65.6
S1892,17,Male,2.5,2.2,2.3,No,72.38887890581869,3.4438488182778655,Fair,0,High School,Good,3,No,46.8
S1893,21,Female,3.0,1.6,2.0,No,96.87537039389096,4.4871506576528235,,5,Bachelor,Good,1,No,67.7
S1894,20,Male,1.5,,,Yes,69.12784973335394,2.3383395278771646,Good,1,Bachelor,Good,,Yes,45.4
S1895,20,Female,2.3,,2.0,No,66.30048030173552,2.8926272248423435,Fair,3,Bachelor,Average,,,57.0
S1896,22,Male,2.8,1.8,3.4,Yes,73.78454802477465,11.768743829237195,Good,7,High School,Average,6,No,58.4
S1897,20,Male,4.8,2.7,,No,79.0191382941188,8.153435738811197,Good,1,High School,Good,2,Yes,70.8
S1898,23,Female,3.9,1.1,2.9,No,76.07561186453232,9.121505087577459,Fair,2,Master,Average,10,,75.7
S1899,19,Female,3.8,2.0,1.5,No,63.255215763901035,6.971384399776457,Poor,0,,Average,2,No,55.7
S1900,21,Male,4.8,2.9,2.6,No,58.8201048775076,0.0,Poor,0,Master,Average,6,,82.1
S1901,20,Male,3.3,2.1,2.1,No,86.01631485098159,0.0,,7,High School,Good,2,Yes,71.4
S1902,22,Male,4.1,2.4,,No,67.0081532848961,7.611032194924907,Fair,4,Master,Good,4,No,66.7
S1903,23,Female,3.3,1.9,2.2,No,79.99982910803772,0.0,,4,High School,Average,8,No,70.9
S1904,19,Female,3.9,0.7,0.7,Yes,74.80854410808067,7.829424197884438,Poor,1,High School,Poor,1,Yes,73.0
S1905,18,Male,2.6,2.9,,Yes,54.9739651053442,6.885913154150038,Good,6,Bachelor,Poor,0,Yes,53.9
S1906,18,Female,0.0,4.6,2.0,Yes,80.41452164847847,0.4049962339441494,Fair,4,Bachelor,Average,10,No,43.4
S1907,19,Female,3.3,2.5,2.1,No,37.57289715672484,7.346690210140918,Fair,1,High School,Average,2,No,55.4
S1908,23,Female,5.6,2.8,0.5,Yes,79.22762864992502,0.0,Fair,5,Bachelor,Good,9,No,100.0
S1909,22,Female,4.9,3.3,3.0,No,69.3603578183172,0.0,Fair,4,Bachelor,Average,1,No,71.8
S1910,19,Male,4.9,1.0,,No,88.65053109337968,0.030524033665218275,Fair,1,,Average,10,,89.2
S1911,21,Male,5.4,4.5,,No,65.25514640245419,0.0,Fair,3,,Good,3,,83.9
S1912,21,Male,3.6,,,No,58.617114135185744,22.11567608104845,Poor,5,High School,Average,,No,89.1
S1913,18,Male,3.8,4.5,1.6,Yes,79.26042981486576,11.854876669545371,Good,4,High School,Good,4,,53.5
S1914,20,Female,2.6,1.6,1.3,Yes,92.78967259169627,1.87305601175977,Good,6,Bachelor,Poor,9,,72.9
S1915,22,Female,3.0,4.7,1.9,No,76.6990135909396,8.108665985046171,Fair,0,High School,Average,8,,61.0
S1916,18,Male,4.4,3.4,,No,83.44789703336424,4.137910044848245,,0,High School,Good,6,,69.1
S1917,20,Male,,3.2,,No,74.99092214734264,10.310283448805318,Good,6,High School,Good,2,,77.2
S1918,20,Male,3.3,2.8,1.4,Yes,76.62339525534259,7.084976821254887,Poor,4,Bachelor,Average,,No,71.9
S1919,24,Female,2.8,2.2,1.5,No,56.4928392274776,20.35655443924328,,4,High School,Good,8,Yes,74.7
S1920,21,Male,3.5,3.9,2.5,Yes,43.7795970641796,0.0,Good,3,,Good,10,No,74.5
S1921,23,Female,4.4,2.7,,No,80.50392639706646,8.226858468974418,Fair,7,,Average,2,No,85.4
S1922,17,Male,1.3,,3.6,No,74.44668824704473,6.529310058210578,Poor,4,Master,Average,1,Yes,44.3
S1923,23,Male,0.1,1.2,0.0,No,67.6819441480886,11.211912590898258,Poor,6,High School,Good,8,No,53.4
S1924,17,Other,2.7,2.3,3.2,Yes,79.5201365073596,0.0,Poor,4,Bachelor,Average,0,Yes,57.4
S1925,19,Other,1.7,2.9,,Yes,82.58332616668915,15.092299029866982,,0,,Good,8,No,53.6
S1926,21,Male,2.7,2.4,2.7,No,64.52412363625767,10.427661340746711,Fair,6,High School,Good,5,Yes,58.8
S1927,20,Female,3.3,,,No,60.889560421729215,5.519567151206357,,0,Bachelor,Good,2,No,43.5
S1928,22,Female,2.8,0.2,,No,61.13805791631764,1.5325791271127946,Good,5,High School,Average,,No,65.6
S1929,17,Female,5.7,2.7,,No,69.83038143602347,17.04799390631709,Good,0,Master,Average,8,Yes,89.8
S1930,23,Male,4.0,0.3,0.6,No,51.375400117881696,12.89036431302464,Good,1,Master,Good,,No,89.5
S1931,20,Female,4.0,3.4,,Yes,55.83035989465355,6.963239894354214,Poor,4,Bachelor,Average,6,Yes,68.8
S1932,17,Female,4.4,2.4,1.7,No,75.82138020037306,0.0,Fair,0,Bachelor,Average,6,,76.8
S1933,17,Female,1.8,3.0,2.0,No,76.59590836879795,0.0,,2,High School,Average,,No,47.5
S1934,24,Male,5.1,1.5,3.2,No,77.61955732223163,15.311604202998623,Poor,6,High School,Poor,9,Yes,89.3
S1935,17,Male,3.4,4.0,0.7,Yes,87.12836516964575,8.352794941546518,Poor,1,Master,Good,1,No,62.0
S1936,22,Male,4.5,,,No,70.91647958577256,8.802967861480042,Good,4,Bachelor,Average,,Yes,66.1
S1937,21,Female,1.9,3.2,1.2,No,71.92540400251713,1.0289608991010166,Good,6,Bachelor,Good,6,No,41.7
S1938,22,Male,1.2,2.3,1.7,No,76.95486073324066,6.843141766116571,,0,High School,Poor,2,No,28.0
S1939,18,Female,4.7,3.2,1.9,No,74.43986436852836,12.3498419544971,Good,4,,Good,5,No,71.0
S1940,20,Other,4.1,1.7,0.1,Yes,59.45272161761198,7.71181611921763,Good,0,Master,Average,4,No,67.5
S1941,21,Male,2.1,3.5,0.9,No,94.4502002348567,17.027167026819424,Fair,6,High School,Good,6,No,63.4
S1942,24,Female,2.2,4.5,3.3,No,79.62114795108786,17.837359868407642,Poor,3,High School,Good,8,No,50.2
S1943,21,Male,5.2,3.8,,No,89.0628367834629,1.057026049018424,Good,1,High School,Poor,,No,72.0
S1944,21,Female,1.7,1.6,,No,32.366309318367506,0.0,Fair,5,Bachelor,Good,7,,67.9
S1945,23,Male,6.0,2.9,,Yes,85.12798098390385,2.6995625088261384,Poor,0,,Average,8,,100.0
S1946,21,Female,2.1,0.9,,No,70.6494171235172,4.23952724737728,Fair,2,Bachelor,Good,0,,55.0
S1947,24,Female,4.5,3.2,,Yes,83.04436268329844,2.051835809341424,Good,0,High School,Good,5,,59.9
S1948,22,Female,,,1.6,No,43.87684765797802,12.177806329396677,Fair,1,Master,Good,6,No,63.2
S1949,21,Female,4.4,0.3,,No,81.7298300236856,14.289908977979332,Fair,5,Bachelor,Good,3,No,84.5
S1950,19,Female,2.7,1.1,3.1,No,65.85593819930294,6.967277486171024,Fair,4,High School,Average,1,,50.8
S1951,20,Female,3.3,2.2,0.9,No,60.67113973008359,0.0,Good,6,Bachelor,Poor,9,No,94.0
S1952,21,Female,3.6,2.1,3.5,Yes,44.76065448210685,13.851100850816616,Poor,2,High School,Average,9,No,65.6
S1953,20,Female,2.0,1.0,0.1,No,75.06615271313031,10.378113123695027,Fair,5,High School,Average,6,No,61.7
S1954,19,Male,4.6,3.0,,No,66.90291180443378,6.361951395436937,,5,Master,Good,1,Yes,66.0
S1955,19,Female,2.7,,,Yes,93.31726673603771,0.0,Poor,2,High School,Average,8,No,86.9
S1956,20,Female,3.2,2.3,1.5,No,58.75632825601767,15.458845395783866,Good,5,High School,Good,,No,59.6
S1957,17,Female,2.0,1.6,0.0,No,44.769199840647666,18.253138486128766,Good,5,High School,Average,4,,49.1
S1958,18,Male,0.0,3.8,1.3,Yes,68.68053467608337,6.438197691507151,Good,4,High School,Average,5,No,31.1
S1959,23,Female,3.2,4.5,0.7,No,97.31682789623225,16.736655088710716,Fair,2,Master,Good,0,No,45.7
S1960,17,Male,7.1,1.9,1.1,Yes,57.53140160256188,5.8777955436110085,Good,6,High School,Average,5,,100.0
S1961,17,Female,4.7,1.8,1.6,No,86.58669350765338,1.935575704540496,Good,1,Master,Good,10,,81.1
S1962,22,Male,3.5,3.1,2.9,Yes,82.69720140685962,13.36410526561044,Good,1,Master,Average,5,,55.1
S1963,23,Female,3.1,2.1,,No,98.26827917723014,0.0,Poor,1,High School,Good,2,No,53.3
S1964,23,Other,3.5,2.3,2.1,No,77.89283092057919,0.0,Good,5,High School,Poor,9,Yes,89.1
S1965,17,Male,4.3,3.4,0.6,No,48.35013694649697,9.499927113088821,Fair,4,Master,Average,7,,77.3
S1966,21,Other,1.7,0.2,,No,63.447314510060814,0.0,Poor,1,High School,Good,7,Yes,56.4
S1967,22,Male,5.2,4.1,3.8,No,78.55797308690912,7.456870400327826,Fair,1,,Good,,No,76.1
S1968,22,Female,4.6,2.6,1.0,No,72.3014704648418,5.404587989884361,Good,4,High School,Average,4,,74.6
S1969,19,Female,4.6,2.0,3.6,Yes,67.11994681287466,3.311401094122457,Fair,6,Bachelor,Average,3,No,83.0
S1970,24,Female,4.2,2.4,1.5,No,85.78210050002274,3.885038431243349,Fair,2,Bachelor,Average,8,Yes,85.9
S1971,23,Female,3.5,2.5,,No,48.208549755345686,0.0,Good,6,High School,Average,,No,64.5
S1972,17,Female,4.5,0.4,,No,94.27841569772067,6.825315516016859,Fair,3,High School,Good,9,No,91.9
S1973,19,Male,4.4,4.3,3.2,No,56.880146835627514,11.660425539808031,Good,3,Master,Good,8,,74.6
S1974,20,Male,3.0,2.5,1.7,No,77.84682212704614,6.014408497291969,Fair,4,Bachelor,Poor,8,No,70.9
S1975,18,Female,2.6,3.0,1.4,No,61.78621121608146,11.986164492667733,Fair,7,Bachelor,Average,4,No,66.7
S1976,24,Female,3.7,3.6,1.7,No,85.61996878084945,9.319206323954148,Good,0,Bachelor,Good,9,Yes,77.4
S1977,24,Female,5.8,1.3,,Yes,91.98158497851496,2.7762721746096455,Good,6,High School,Average,,,99.0
S1978,24,Female,1.6,3.1,2.8,No,61.377132101338596,1.5192370971796914,Fair,1,Bachelor,Good,5,Yes,43.5
S1979,22,Male,1.3,2.2,,No,66.03663249436826,10.47333691773693,Good,7,High School,Poor,,No,53.4
S1980,20,Female,3.7,3.5,2.5,No,85.70762554520151,0.0,,7,High School,Good,9,Yes,81.0
S1981,24,Male,3.6,0.0,3.6,No,48.13482069918592,20.122317132331737,Fair,2,Bachelor,Average,2,No,66.2
S1982,20,Female,3.8,,2.2,Yes,97.28368492212958,4.125223121367511,Fair,3,High School,Good,10,No,88.0
S1983,21,Male,3.9,1.8,,No,51.62397539948452,0.7387207141476151,Poor,1,Master,Average,3,,64.4
S1984,24,Male,3.2,3.0,0.1,No,96.16536061646127,12.609835318111738,Fair,6,High School,Average,6,,82.4
S1985,18,Male,5.7,3.1,0.0,Yes,76.31342701695606,6.195608342643041,Fair,3,Master,Good,3,Yes,80.9
S1986,20,Male,1.1,1.7,,No,64.65428019352778,8.385999452432685,Poor,4,Master,Poor,,No,59.6
S1987,20,Female,2.3,1.6,,Yes,64.17415649495899,8.019412847592605,Fair,1,High School,Average,8,No,56.2
S1988,18,Male,3.3,2.4,1.2,No,47.279793076048364,0.0,Fair,4,Bachelor,Average,9,Yes,72.5
S1989,24,Male,1.0,1.4,,Yes,77.24290030365555,5.051322029996973,Fair,4,High School,Average,6,No,47.6
S1990,18,Male,3.2,3.5,1.7,No,61.589134596991165,13.12752728921981,Good,2,Master,Good,5,No,63.6
S1991,20,Male,6.0,2.1,,No,72.82041757304269,5.115905642285052,Good,3,High School,Good,,No,85.3
S1992,18,Male,,0.0,1.9,No,71.5433551159731,0.5616368747045798,Fair,2,Bachelor,Poor,4,No,71.8
S1993,20,Male,3.8,2.1,1.0,No,79.30282363189141,7.080168938509702,Good,1,High School,Good,7,,70.9
S1994,20,Female,1.6,1.3,2.9,No,66.02605211332809,0.0,Good,1,High School,Average,6,,41.7
S1995,21,Female,2.6,0.5,1.6,No,74.26472198288695,6.188545667312984,Fair,3,High School,Good,,,76.1
S1996,17,Female,2.9,1.0,2.4,Yes,68.30901776730082,16.69014466660154,Poor,2,High School,Average,7,Yes,65.9
S1997,20,Male,3.0,2.6,1.3,No,50.549721407066656,15.599203660834021,Good,5,Bachelor,Good,8,Yes,64.4
S1998,24,Male,5.4,4.1,1.1,Yes,88.89552680182618,11.069911883813157,Fair,0,Bachelor,Average,1,No,69.7
S1999,,Female,4.3,2.9,1.9,No,87.6386230324604,1.8699475951368345,Good,3,Bachelor,Average,8,No,74.9
