age,gender,study_hours_per_day,social_media_hours,netflix_hours,part_time_job,attendance_percentage,sleep_hours,diet_quality,exercise_frequency,parental_education_level,internet_quality,mental_health_rating,extracurricular_participation,exam_score
21.0,1,5.2,2.8,,0,71.24307772606471,14.78575631195919,2.0,0,2.0,2,8.0,,89.5
21.0,0,4.4,2.2,0.9,0,63.823818995251145,4.997898743758027,2.0,6,1.0,0,4.0,1.0,84.2
21.0,0,1.3,0.4,2.3,1,62.02620307108892,15.399748929355011,2.0,2,1.0,2,,1.0,42.2
23.0,0,6.0,2.9,,1,85.12798098390385,2.6995625088261384,0.0,0,,1,8.0,,100.0
21.0,0,3.3,1.7,,0,69.91895170276064,4.413224326983917,0.0,0,1.0,2,,,60.5
,1,3.1,1.9,2.6,1,51.15699173402497,5.740419050532228,1.0,4,1.0,2,10.0,0.0,68.1
21.0,0,3.6,,,0,58.617114135185744,22.11567608104845,0.0,5,1.0,1,,0.0,89.1
18.0,1,4.7,3.2,1.9,0,74.43986436852836,12.3498419544971,2.0,4,,2,5.0,0.0,71.0
19.0,1,3.3,2.2,2.9,1,66.1586585259607,17.051232482695127,2.0,0,1.0,0,8.0,0.0,76.1
21.0,1,3.0,3.1,2.4,1,54.66045888750196,9.33408362415358,1.0,4,1.0,1,8.0,0.0,66.3
22.0,1,3.9,1.8,3.9,0,73.53357578852712,15.452754620799944,1.0,1,3.0,2,5.0,,65.5
22.0,1,1.1,1.7,2.7,0,78.49025595603536,3.781402487542716,1.0,4,,1,,0.0,35.8
24.0,1,,3.0,0.4,0,61.54747154144434,1.5741090916990057,1.0,3,1.0,1,7.0,0.0,90.8
21.0,1,2.9,2.6,2.0,0,68.62122719250652,7.276159394149902,,0,3.0,2,0.0,0.0,43.5
17.0,1,4.5,1.2,2.6,0,83.23445850262073,10.432945779267625,2.0,0,2.0,2,,,76.3
24.0,0,,4.5,2.2,0,62.26769710735609,14.580738395110748,2.0,2,,2,,,73.8
24.0,0,4.3,2.3,,0,64.85062334668197,0.0,0.0,4,1.0,0,6.0,,77.4
19.0,0,2.1,2.3,0.9,0,65.00223786696425,2.550377509813265,2.0,4,2.0,0,10.0,0.0,63.1
21.0,0,2.5,3.2,2.0,0,80.057385644769,0.0,1.0,2,2.0,2,5.0,0.0,41.6
24.0,0,0.8,2.4,0.8,0,98.43061385097413,13.842850779459706,1.0,2,2.0,1,,,35.3
24.0,1,,3.1,1.1,0,100.0,0.0,1.0,0,2.0,0,5.0,0.0,33.8
,0,4.2,1.7,1.8,0,50.35640184174537,10.70971087409152,1.0,4,2.0,0,3.0,0.0,76.0
23.0,1,,5.3,1.7,1,56.22161564070056,0.0,2.0,5,2.0,1,9.0,0.0,67.0
,1,4.6,3.7,0.8,0,68.28180743772091,0.0,1.0,1,,2,,0.0,63.3
17.0,0,1.9,4.0,3.0,0,74.18366407534539,0.0,0.0,0,2.0,1,6.0,1.0,35.7
18.0,0,1.7,1.0,,0,58.84166909127735,0.7211457748386723,2.0,5,2.0,2,7.0,0.0,63.6
18.0,0,4.3,4.0,0.8,0,82.96330626477446,12.728411365968238,1.0,0,,1,1.0,0.0,60.8
24.0,1,,2.5,0.8,1,84.89775471730545,9.128278867408197,2.0,3,3.0,2,6.0,0.0,50.3
22.0,1,4.9,3.5,1.2,0,56.8982262310148,17.027978996875856,2.0,1,1.0,2,4.0,,75.4
17.0,1,3.5,3.9,2.6,0,61.09261867837641,2.3843485371219657,1.0,5,1.0,2,3.0,1.0,65.6
24.0,1,4.3,,3.2,0,50.27984843814633,11.756236583598897,0.0,0,2.0,2,,0.0,65.7
,0,3.3,,2.1,0,77.81932401324968,0.0,0.0,2,2.0,0,8.0,1.0,75.4
22.0,1,3.1,4.0,1.3,0,93.0622300037804,0.0,,7,1.0,2,9.0,1.0,74.0
24.0,0,5.3,2.9,1.9,0,89.49637702755444,6.575399651619746,2.0,3,2.0,0,6.0,1.0,80.9
20.0,1,4.8,2.0,3.5,0,84.47000866658175,3.6421397356422,2.0,1,2.0,2,8.0,1.0,70.6
18.0,1,5.1,2.5,2.4,0,73.72500312381518,7.952548259146823,0.0,0,3.0,2,7.0,0.0,79.3
20.0,0,3.6,,0.9,0,48.76037279947752,4.930938173854172,2.0,5,2.0,1,9.0,0.0,66.5
22.0,0,1.7,2.9,2.0,0,100.0,6.976440023957705,2.0,0,1.0,2,6.0,0.0,50.2
19.0,0,5.5,3.1,,0,70.25265081794322,11.557303283755925,2.0,1,1.0,1,2.0,0.0,82.3
22.0,1,2.4,1.9,2.1,0,73.90043667365494,8.087230894410784,0.0,5,1.0,1,10.0,,60.0
24.0,0,2.0,0.6,,0,85.05703834897922,8.722119856722298,0.0,7,1.0,2,1.0,1.0,50.5
18.0,0,3.7,3.4,2.0,0,75.52624788781601,0.0,1.0,3,1.0,0,0.0,1.0,63.5
22.0,1,3.8,2.3,2.9,0,77.86367414132596,11.929535000765917,2.0,3,3.0,2,2.0,,58.5
18.0,1,5.2,3.0,3.3,0,68.52221357408968,3.564012382812282,2.0,4,,0,9.0,,87.1
19.0,0,5.3,2.6,0.0,1,87.31017847245894,0.0,1.0,6,1.0,1,8.0,1.0,98.4
20.0,1,6.0,1.6,1.3,0,99.53644767390593,20.594677042560104,,6,2.0,1,,,100.0
23.0,0,2.2,0.9,,0,64.82245001164429,8.954147214439633,1.0,7,1.0,0,6.0,,64.1
20.0,1,6.6,3.2,2.1,0,87.90907709780026,16.87747026406695,1.0,6,3.0,1,,1.0,100.0
22.0,1,2.5,0.8,2.0,0,80.88670664050898,23.178076999437284,1.0,4,1.0,2,5.0,,75.6
23.0,0,5.1,1.5,0.8,0,66.9755323054459,7.52324225678042,1.0,7,,2,5.0,0.0,83.2
19.0,1,4.6,2.0,3.6,1,67.11994681287466,3.311401094122457,1.0,6,2.0,1,3.0,0.0,83.0
19.0,1,2.5,2.8,0.5,1,86.47733894710481,15.017399918985753,0.0,1,,0,5.0,1.0,60.6
23.0,0,6.3,1.9,0.0,0,84.35709027246656,7.918677357832539,1.0,6,,2,,1.0,100.0
24.0,0,3.5,0.0,2.3,0,71.25204401270874,0.0,1.0,4,2.0,2,,1.0,64.4
22.0,0,4.1,2.4,,0,67.0081532848961,7.611032194924907,1.0,4,3.0,2,4.0,0.0,66.7
17.0,2,2.9,2.5,2.4,1,86.09894642943422,8.321337493930466,0.0,5,,2,9.0,0.0,65.2
18.0,0,2.7,2.1,1.9,0,61.43189384405052,4.776420917604162,2.0,4,1.0,0,4.0,0.0,64.5
23.0,1,4.9,,2.8,0,74.74682502539618,6.460812836050991,2.0,0,2.0,1,3.0,,77.0
23.0,0,3.8,1.9,3.6,0,73.02508885745011,6.407899471204173,1.0,6,3.0,2,1.0,0.0,77.8
18.0,1,3.8,2.5,1.8,0,59.45946305904521,15.159939324133784,0.0,5,1.0,1,7.0,0.0,76.8
17.0,1,2.3,2.0,,0,65.41023175212436,0.0,1.0,2,2.0,1,10.0,0.0,71.4
19.0,0,3.9,2.7,1.6,0,74.19874460128698,0.0,1.0,2,2.0,1,,0.0,77.8
24.0,1,3.5,2.9,0.7,0,63.85236628631458,18.98869738314488,0.0,3,1.0,2,2.0,0.0,62.9
17.0,1,2.6,1.8,3.0,0,83.53840209255056,9.42858202612703,1.0,3,2.0,2,4.0,,62.3
17.0,0,3.1,,0.4,0,52.98752976500445,8.63575092040033,0.0,4,2.0,2,4.0,1.0,59.6
17.0,0,3.4,4.0,0.7,1,87.12836516964575,8.352794941546518,0.0,1,3.0,2,1.0,0.0,62.0
20.0,0,4.8,1.9,1.1,0,80.05981999875608,5.575356609080869,1.0,1,2.0,2,,1.0,96.1
17.0,0,4.7,1.2,,0,67.61734575041969,7.641010394828488,1.0,2,3.0,2,2.0,0.0,83.1
20.0,1,3.8,,2.2,1,97.28368492212958,4.125223121367511,1.0,3,1.0,2,10.0,0.0,88.0
17.0,0,3.2,2.6,2.8,0,74.02027616920182,7.417068922923173,1.0,2,1.0,2,10.0,1.0,75.4
23.0,0,3.4,0.5,,0,57.829930237912734,7.844918951361126,1.0,4,2.0,2,3.0,0.0,78.0
22.0,0,1.3,2.2,,0,66.03663249436826,10.47333691773693,2.0,7,1.0,0,,0.0,53.4
17.0,1,3.0,3.2,1.6,0,63.82855009606189,15.742883881205502,1.0,3,2.0,1,0.0,1.0,58.4
22.0,0,4.2,0.3,0.1,0,79.09406637554109,0.0,0.0,2,1.0,0,8.0,1.0,100.0
17.0,0,2.8,2.0,4.1,1,76.76203840529476,2.7033121230920045,1.0,5,1.0,2,6.0,0.0,57.3
18.0,0,3.8,3.3,2.5,0,86.47470651942616,0.0,2.0,5,2.0,2,7.0,0.0,74.3
22.0,0,6.8,3.7,1.8,0,69.08903335827198,1.5334991016599302,0.0,6,3.0,1,4.0,0.0,100.0
24.0,1,1.1,3.6,2.5,0,76.14663367220557,11.374340363256582,2.0,3,1.0,2,10.0,1.0,54.6
21.0,1,1.9,1.2,0.9,0,72.22194639820337,8.252502527729511,1.0,3,2.0,2,6.0,1.0,56.9
17.0,1,2.5,1.7,4.1,0,77.79479463417306,0.6691636658870096,0.0,4,,1,7.0,0.0,65.0
21.0,0,2.1,3.5,0.9,0,94.4502002348567,17.027167026819424,1.0,6,1.0,2,6.0,0.0,63.4
21.0,1,0.7,3.2,0.3,1,56.341634663821786,15.879408331967964,1.0,1,1.0,2,,1.0,47.2
22.0,1,2.1,0.0,0.7,0,38.931007292395705,2.235072609665395,,1,2.0,1,6.0,,52.5
17.0,1,2.6,1.4,1.2,0,83.89660404253347,8.614167731894618,,4,2.0,1,7.0,0.0,80.3
23.0,2,4.7,4.9,2.7,0,75.0211763225989,23.234971521357725,0.0,5,2.0,1,2.0,,89.6
19.0,0,4.9,1.0,,0,88.65053109337968,0.0305240336652182,1.0,1,,1,10.0,,89.2
24.0,1,3.1,3.8,2.1,0,88.66173348171303,9.745685680228643,1.0,4,3.0,1,5.0,1.0,54.1
19.0,0,5.9,0.0,,1,85.27870504555756,10.857552845967852,0.0,2,1.0,2,7.0,0.0,100.0
17.0,0,3.4,1.5,1.0,0,70.32046739990832,9.765401819611284,2.0,4,2.0,0,8.0,,86.1
,0,2.6,2.0,2.4,0,81.7311142290606,24.0,1.0,0,2.0,2,4.0,,48.5
20.0,1,0.9,4.3,,0,81.49456008084334,11.12803877812012,2.0,6,1.0,1,5.0,,27.6
22.0,1,3.9,2.9,2.0,0,60.00266781276838,15.432246568327075,,3,3.0,2,,0.0,71.0
20.0,1,,2.1,,0,77.30550945064476,2.0601870101208783,1.0,7,1.0,1,0.0,1.0,60.3
20.0,1,4.9,0.3,2.7,1,68.41800339624555,1.1083735512937112,2.0,0,2.0,0,5.0,,82.1
18.0,1,3.3,4.1,,0,67.07646388519714,7.566818262948741,0.0,0,3.0,2,9.0,0.0,69.6
22.0,0,4.5,,,0,70.91647958577256,8.802967861480042,2.0,4,2.0,1,,1.0,66.1
24.0,0,5.1,1.5,3.2,0,77.61955732223163,15.311604202998623,0.0,6,1.0,0,9.0,1.0,89.3
21.0,1,4.3,,2.0,1,65.28878614971948,0.0,1.0,0,2.0,1,7.0,,72.6
24.0,1,2.3,1.1,1.8,1,67.20461727174045,18.10567160430135,1.0,4,3.0,2,,0.0,66.8
18.0,0,,1.6,2.9,1,69.44754840776243,3.735946303015664,2.0,3,1.0,2,4.0,,71.3
18.0,0,3.5,3.1,0.0,0,64.56928589935637,7.088100999514104,1.0,2,2.0,2,6.0,,75.5
19.0,1,6.1,1.5,0.4,0,93.10704083752684,11.206284917354504,,2,2.0,1,,0.0,100.0
24.0,0,5.2,2.3,1.5,0,66.7520541435618,4.734693816723528,1.0,6,3.0,0,2.0,0.0,82.8
19.0,1,2.7,1.1,3.1,0,65.85593819930294,6.967277486171024,1.0,4,1.0,1,1.0,,50.8
23.0,1,4.0,3.0,3.0,0,82.61514162327937,9.203291721392857,,4,2.0,1,7.0,1.0,74.7
21.0,0,3.2,2.4,1.8,0,63.35588975310131,6.434532944111866,1.0,4,,1,8.0,1.0,76.3
24.0,1,4.2,2.4,1.5,0,85.78210050002274,3.885038431243349,1.0,2,2.0,1,8.0,1.0,85.9
20.0,0,1.8,1.8,1.1,0,89.07905822123966,19.66389653572256,2.0,0,1.0,2,1.0,0.0,48.7
24.0,0,,1.7,0.2,1,63.89187032976221,6.510736387341453,0.0,4,3.0,2,7.0,,66.5
21.0,1,2.3,1.9,0.1,0,69.65098109817687,6.569445021581344,1.0,2,2.0,1,,0.0,61.7
22.0,0,1.1,,1.7,0,87.14887547384211,0.0,1.0,3,3.0,2,4.0,1.0,48.3
23.0,0,4.4,,0.0,1,100.0,16.187677773404697,1.0,4,3.0,1,3.0,0.0,70.1
17.0,0,2.0,,,0,79.6296227021881,0.0,1.0,5,3.0,0,5.0,0.0,58.5
19.0,0,5.7,3.8,,0,79.53653964007933,19.26113590620586,1.0,4,,1,,0.0,100.0
21.0,0,6.0,3.3,2.2,0,68.78894184407416,0.4742663591188238,1.0,1,1.0,1,8.0,1.0,90.2
18.0,1,5.5,2.0,0.0,0,82.93557394718368,9.615725558719312,2.0,5,1.0,0,2.0,0.0,93.7
20.0,1,5.1,2.6,1.8,0,77.55723616934065,9.721658557378236,1.0,5,1.0,1,10.0,0.0,100.0
21.0,1,7.4,3.6,1.3,0,85.25117984606916,7.664937072700138,2.0,2,1.0,2,6.0,,100.0
17.0,1,0.0,4.6,1.2,0,92.0221237405127,0.0,0.0,7,2.0,1,6.0,0.0,42.0
24.0,0,1.7,3.3,1.3,0,88.13545910413424,0.0,1.0,6,3.0,2,6.0,,61.5
19.0,0,,2.2,1.7,0,83.89402721994193,8.532174712547391,,1,1.0,2,5.0,,93.1
20.0,1,3.7,1.8,1.3,0,76.17486282295069,0.0,1.0,6,3.0,2,9.0,0.0,80.9
23.0,1,1.6,,,0,69.06637758350675,8.812847852296073,1.0,3,3.0,2,10.0,1.0,62.0
22.0,0,2.7,2.2,2.8,0,93.83783933859829,7.187497537647532,1.0,3,1.0,1,3.0,0.0,53.0
18.0,0,2.3,0.6,1.1,0,91.61599932196782,16.138908392326083,1.0,1,2.0,2,10.0,0.0,73.5
20.0,0,3.3,3.6,2.6,0,96.36991953106288,12.53877984543187,1.0,3,1.0,0,3.0,1.0,57.1
21.0,0,2.4,2.3,2.2,0,52.60283512329621,16.567669348235796,2.0,7,3.0,1,2.0,0.0,63.9
19.0,1,3.6,2.0,1.0,1,76.51798533390975,8.165613846160614,2.0,7,2.0,1,10.0,0.0,85.6
19.0,1,1.7,2.1,,1,92.92423067604015,16.817928325589474,1.0,0,1.0,1,,0.0,61.2
20.0,1,3.7,3.5,2.5,0,85.70762554520151,0.0,,7,1.0,2,9.0,1.0,81.0
21.0,1,,1.7,,1,73.02226743876253,3.011093825134972,2.0,1,2.0,1,4.0,0.0,72.6
24.0,0,4.1,3.6,2.2,0,88.19276329433472,7.868156256086725,0.0,5,1.0,0,9.0,,84.0
17.0,0,3.7,3.9,2.2,1,60.27428108550001,11.183953938609491,1.0,0,1.0,2,7.0,0.0,66.6
22.0,1,4.1,1.6,,0,85.0557223139057,0.9907806286773452,1.0,6,1.0,2,2.0,0.0,77.5
,1,4.3,4.8,,1,75.32233608930495,9.29354424946976,1.0,3,1.0,2,9.0,0.0,79.8
21.0,0,1.2,4.3,2.2,0,45.93823704967666,1.9839457857534544,1.0,1,2.0,1,,0.0,36.2
17.0,0,7.1,1.9,1.1,1,57.53140160256188,5.8777955436110085,2.0,6,1.0,1,5.0,,100.0
17.0,0,3.8,3.1,2.3,0,69.90969404591657,13.569753932585687,2.0,3,1.0,2,5.0,0.0,67.8
21.0,1,0.2,3.1,2.1,1,63.610097791088805,0.0,2.0,5,3.0,2,3.0,1.0,31.5
22.0,1,2.6,3.4,,0,83.0731983643681,0.0,0.0,0,2.0,2,1.0,0.0,49.1
23.0,0,5.0,4.5,2.3,0,69.26533696907552,0.0,2.0,6,1.0,1,9.0,0.0,98.0
23.0,0,1.9,3.5,1.7,1,73.51164603460211,0.0,1.0,0,1.0,2,9.0,0.0,57.7
22.0,0,3.2,4.0,2.7,0,67.5850326619389,1.5095901057127152,2.0,7,3.0,2,5.0,1.0,61.8
22.0,1,3.1,4.7,0.4,0,63.81781371461354,2.352773118999902,2.0,3,3.0,2,,0.0,71.5
24.0,0,3.7,0.4,,0,86.18125590383579,9.285312471653796,1.0,7,2.0,1,,0.0,87.9
22.0,1,6.2,3.5,,0,70.73199114842546,1.8091523943311048,1.0,6,2.0,2,8.0,0.0,100.0
18.0,1,4.2,3.4,1.4,0,63.8930916451453,0.0,2.0,2,3.0,1,4.0,,74.0
17.0,1,4.3,3.3,,0,54.301033084829896,0.0,0.0,4,3.0,2,6.0,0.0,69.4
21.0,2,3.3,4.3,,0,80.75732400074737,14.376073066373984,,1,1.0,2,5.0,0.0,56.4
17.0,1,1.8,3.0,2.0,0,76.59590836879795,0.0,,2,1.0,1,,0.0,47.5
24.0,1,5.8,1.3,,1,91.98158497851496,2.776272174609645,2.0,6,1.0,1,,,99.0
,0,3.0,2.2,2.3,0,64.01193386105369,3.6300636463570775,0.0,1,3.0,1,,,49.1
21.0,1,,,2.4,0,72.83025653791717,4.40402522137209,2.0,1,1.0,2,1.0,0.0,53.0
22.0,1,5.4,3.0,1.5,0,100.0,3.849055799167658,0.0,5,2.0,2,2.0,0.0,94.5
23.0,0,2.9,3.6,1.2,0,72.45259779176739,8.20827629081945,1.0,2,1.0,1,3.0,,45.9
17.0,1,4.8,2.8,3.1,0,82.87857591840469,0.0,1.0,2,,2,6.0,0.0,74.9
24.0,0,3.5,1.9,1.2,0,84.2159499278626,6.417905190987645,0.0,7,2.0,1,10.0,,92.6
24.0,2,4.9,0.5,,0,59.81862939713187,16.83828241508602,0.0,1,,1,3.0,0.0,83.9
18.0,1,1.3,,,0,77.45563324370697,0.0,0.0,4,1.0,2,1.0,1.0,46.6
21.0,1,2.6,0.5,1.6,0,74.26472198288695,6.188545667312984,1.0,3,1.0,2,,,76.1
17.0,0,1.7,3.4,3.9,1,83.75401628658555,15.795614436444987,,3,1.0,1,5.0,0.0,41.7
20.0,1,3.6,2.2,2.2,0,61.94070367355501,11.986735814200904,1.0,3,2.0,1,10.0,1.0,76.1
19.0,0,2.3,1.9,0.0,1,93.4047301854255,12.728172602416857,1.0,7,2.0,0,8.0,1.0,77.4
18.0,0,4.9,4.4,1.4,1,83.3320800163428,9.60098608698709,1.0,5,1.0,1,3.0,,77.2
21.0,1,0.8,2.3,,0,79.51685824954586,0.0,1.0,2,1.0,0,7.0,,44.3
24.0,1,4.1,5.4,0.9,0,63.96492382909528,9.13065880045843,0.0,2,,2,7.0,1.0,73.2
17.0,0,3.0,0.0,0.6,1,85.50054657349935,8.534241341383916,1.0,4,2.0,1,10.0,,98.7
22.0,0,2.1,1.9,2.7,1,54.30773085864382,0.0,2.0,2,1.0,2,6.0,0.0,62.5
20.0,1,3.6,3.9,4.2,0,78.99662718777995,19.306531418608504,0.0,2,1.0,0,8.0,1.0,65.6
18.0,1,3.3,2.1,2.3,0,66.80551694851177,5.062532560023824,,5,1.0,0,2.0,0.0,67.1
22.0,1,5.6,2.2,,0,47.44228357977099,18.759122514284247,2.0,0,3.0,0,7.0,0.0,84.6
17.0,0,4.3,3.4,0.6,0,48.35013694649697,9.49992711308882,1.0,4,3.0,1,7.0,,77.3
22.0,1,2.4,1.9,,0,54.39288949324593,18.23082354912215,2.0,5,1.0,2,2.0,,53.9
20.0,0,3.0,2.6,1.3,0,50.549721407066656,15.59920366083402,2.0,5,2.0,2,8.0,1.0,64.4
18.0,0,5.8,,,1,39.54984525877821,22.230364296291462,2.0,7,1.0,1,7.0,0.0,100.0
,0,3.5,3.0,2.7,0,71.5107096199207,2.0994345765025053,1.0,6,1.0,2,8.0,,66.7
23.0,0,6.8,2.5,,0,87.15264099443723,4.037042972527798,2.0,0,2.0,0,4.0,,93.1
20.0,0,3.9,2.1,2.8,0,77.23535452660128,0.0,1.0,4,2.0,1,7.0,0.0,77.8
24.0,0,4.4,0.0,,0,58.4414914699931,9.662906060248575,1.0,1,2.0,1,1.0,0.0,81.9
24.0,1,5.6,3.2,,0,18.2728674755616,8.029125569751633,1.0,4,2.0,1,9.0,0.0,82.7
17.0,0,3.1,1.7,2.9,1,66.48095406967668,3.1844388086323128,2.0,0,2.0,1,3.0,1.0,51.1
17.0,0,3.1,2.3,,1,62.29899156315955,4.933472448448307,1.0,3,1.0,2,4.0,1.0,61.5
23.0,1,2.9,2.8,0.5,0,93.9274121443477,1.1337127853474789,2.0,6,,0,2.0,1.0,61.6
19.0,0,8.3,3.3,,1,66.67154935115838,4.991213748388957,1.0,4,1.0,1,8.0,0.0,100.0
20.0,1,5.0,1.5,,0,48.16100912513993,0.5479574331645469,0.0,2,3.0,1,4.0,0.0,83.6
24.0,1,3.4,2.7,1.2,0,87.00949325147558,16.185228993790737,0.0,0,1.0,1,,1.0,70.8
21.0,0,0.3,3.6,1.7,0,79.35841780970429,0.0,0.0,3,2.0,1,4.0,1.0,33.6
18.0,0,3.6,3.0,,0,79.14649268943553,0.7288603604675701,2.0,5,2.0,1,6.0,0.0,74.0
17.0,1,4.1,2.8,,0,90.60644661073728,24.0,0.0,7,2.0,1,7.0,0.0,87.9
24.0,1,3.9,3.3,1.1,1,86.55670675499763,8.942356579003475,1.0,0,,2,2.0,0.0,56.0
,2,2.0,4.9,2.9,1,100.0,8.200035402549199,2.0,3,1.0,2,6.0,0.0,43.9
24.0,1,2.6,1.4,2.1,1,63.79991464259134,12.521539038507637,1.0,0,1.0,1,6.0,0.0,63.0
19.0,0,2.2,3.5,1.8,0,86.99499204907904,0.0,2.0,5,2.0,2,7.0,0.0,67.6
17.0,2,2.7,2.9,2.9,0,62.91540373212895,0.0,1.0,1,,0,7.0,0.0,53.4
17.0,1,2.0,2.7,2.0,0,63.172600340954176,8.243095960706345,2.0,5,1.0,1,,0.0,71.7
17.0,0,2.5,,1.9,1,83.14858157579654,0.0,1.0,1,3.0,2,1.0,0.0,44.5
21.0,1,2.2,4.0,1.9,0,90.37924192481712,10.750444421515445,0.0,1,1.0,1,4.0,1.0,47.1
22.0,1,2.5,3.2,,0,73.07653572963244,3.825403395413853,0.0,1,1.0,1,,0.0,59.7
20.0,0,4.1,3.1,,0,86.05329793137416,1.960497135719002,1.0,5,1.0,2,8.0,,77.8
20.0,1,5.7,2.1,2.4,0,74.13885710214214,0.0,1.0,2,3.0,2,5.0,,83.8
19.0,1,3.2,1.5,0.0,0,49.32190756855293,17.153115071351568,2.0,4,2.0,2,10.0,0.0,92.0
20.0,1,5.2,4.4,0.5,0,77.81260112403172,8.748769453018872,1.0,2,1.0,0,4.0,,74.0
24.0,0,5.4,3.4,0.9,0,60.74449381127031,6.008491643104903,1.0,0,2.0,2,9.0,0.0,92.3
23.0,1,2.9,2.3,2.3,0,72.78481181301493,2.5034075518323498,2.0,6,2.0,1,1.0,0.0,66.0
24.0,0,4.7,3.1,0.9,0,59.3721105487002,1.9294121437920584,2.0,5,1.0,1,,1.0,96.4
23.0,1,2.8,4.1,1.7,1,100.0,0.0,1.0,2,2.0,1,5.0,1.0,54.9
18.0,0,2.3,2.3,1.7,0,79.25878440117927,0.0,2.0,4,2.0,2,4.0,0.0,58.5
20.0,1,5.6,2.4,2.3,0,83.06631076995828,15.417803827673628,1.0,6,1.0,1,10.0,1.0,100.0
18.0,0,2.9,,,0,85.49706654755332,10.135138706896832,,0,2.0,2,10.0,0.0,70.2
21.0,0,2.2,1.5,1.3,1,84.70989028554843,0.2839787568640735,0.0,5,3.0,1,10.0,,71.6
19.0,1,4.3,3.1,,0,62.6139518915714,6.239777732841024,2.0,1,,1,6.0,,81.4
24.0,1,6.6,2.8,2.9,0,77.046541056136,1.846794175585825,2.0,2,,2,9.0,0.0,100.0
19.0,0,5.3,2.7,,0,71.16048241664164,5.364806554246153,1.0,1,2.0,0,4.0,1.0,74.2
22.0,1,5.9,3.5,0.4,0,74.1321069942303,1.878734188527423,2.0,1,,2,2.0,,71.4
24.0,1,2.3,,,0,87.6136377966331,9.510266895439962,2.0,0,3.0,2,4.0,0.0,40.9
19.0,0,0.5,0.0,2.6,1,85.1372486110739,8.340056627419363,0.0,4,3.0,0,9.0,,45.0
20.0,1,4.4,2.9,1.4,0,74.38000739191327,3.837258635216218,1.0,6,3.0,2,5.0,1.0,77.9
19.0,0,4.7,3.2,3.1,1,52.40978571331006,0.0,1.0,4,2.0,2,,0.0,80.3
23.0,0,2.9,2.6,1.8,0,30.410461139751103,21.451408544068062,2.0,7,1.0,2,8.0,0.0,70.7
19.0,0,3.0,4.5,0.9,0,46.3859631814579,9.80353383103294,,2,3.0,2,5.0,1.0,51.5
18.0,2,2.9,3.2,2.8,0,95.45374330082508,2.4472771672560567,1.0,4,1.0,1,2.0,0.0,63.0
23.0,1,4.1,2.8,1.4,0,62.89660014517097,2.791705821333108,2.0,1,3.0,1,4.0,0.0,60.1
21.0,0,4.3,3.2,2.8,0,61.30579306551468,8.451650662663763,0.0,3,1.0,0,6.0,,67.5
17.0,0,3.8,0.9,1.0,0,83.08648653189536,10.040616651326998,2.0,4,2.0,2,9.0,0.0,80.9
19.0,2,2.7,,,0,64.73044480958191,22.98099122981132,1.0,5,2.0,0,,0.0,68.2
23.0,2,3.1,2.8,,0,86.46378923106762,4.501540981240377,0.0,4,3.0,2,8.0,1.0,72.8
20.0,1,0.0,0.3,1.1,1,89.99244025911705,10.038994637905018,1.0,1,1.0,1,9.0,1.0,53.3
19.0,1,3.8,2.0,1.5,0,63.25521576390104,6.971384399776457,0.0,0,,1,2.0,0.0,55.7
17.0,0,2.7,2.5,1.4,0,97.00594423405232,6.49405212820667,2.0,7,3.0,1,1.0,,52.2
19.0,1,2.5,2.7,,0,66.21915369062822,3.1938903543086403,0.0,2,2.0,1,,0.0,56.1
24.0,0,3.5,1.6,2.2,0,64.3878823811168,13.983309464914434,2.0,1,2.0,1,6.0,,67.7
24.0,1,2.4,2.8,0.9,0,63.43563437301037,3.045408064555672,,3,,1,3.0,1.0,54.7
19.0,1,3.6,4.0,,0,74.917865388122,1.893591797117376,2.0,2,1.0,0,0.0,,53.2
20.0,0,3.3,1.6,1.9,0,97.95379689199268,17.69056252331394,2.0,5,3.0,1,3.0,0.0,70.1
21.0,1,3.6,2.0,,0,59.64758750244979,7.249239072009392,2.0,0,2.0,2,3.0,1.0,66.8
,0,6.3,3.0,1.6,0,82.33461430023362,9.191614277400303,0.0,1,1.0,1,,1.0,94.8
23.0,0,4.6,0.9,1.9,0,70.6712358284006,6.2958662078427,2.0,5,3.0,2,5.0,0.0,81.3
17.0,1,3.5,2.6,3.2,1,82.30301025927619,0.0,1.0,4,2.0,1,4.0,1.0,74.0
18.0,0,0.0,3.8,1.3,1,68.68053467608337,6.438197691507151,2.0,4,1.0,1,5.0,0.0,31.1
20.0,0,3.3,2.9,3.6,0,96.25467330103992,0.0,1.0,5,2.0,1,,,60.3
24.0,0,3.3,1.5,1.8,1,77.37990987143633,0.0,1.0,5,1.0,1,5.0,0.0,62.6
,0,,1.1,0.3,0,67.01330489554995,3.468322118452204,2.0,2,1.0,1,,,49.8
21.0,1,1.9,3.2,1.2,0,71.92540400251713,1.0289608991010166,2.0,6,2.0,2,6.0,0.0,41.7
18.0,1,4.2,3.0,0.5,0,99.98044674245506,2.454596310543169,1.0,3,,1,5.0,0.0,78.4
18.0,1,0.6,3.1,3.0,0,49.201903344133925,10.405389306066402,2.0,2,2.0,2,,0.0,18.4
21.0,2,4.2,2.4,,0,74.40807799251752,4.115411582874636,1.0,0,3.0,2,8.0,0.0,70.7
17.0,0,2.6,2.2,0.0,0,86.92565597928981,0.0,1.0,2,2.0,2,9.0,0.0,79.3
22.0,0,4.1,1.1,1.9,0,68.33438081477209,16.193033000937422,2.0,0,,2,9.0,0.0,80.8
20.0,0,4.3,2.4,1.0,1,92.10346590110296,0.1568746946399461,2.0,3,1.0,1,,0.0,88.0
22.0,1,4.6,2.6,1.0,0,72.3014704648418,5.404587989884361,2.0,4,1.0,1,4.0,,74.6
21.0,0,1.4,2.7,3.4,0,78.98003910631944,9.642077596430486,0.0,2,2.0,1,3.0,,29.7
20.0,1,3.6,1.4,0.8,0,49.11105925803294,4.222381977250952,2.0,5,1.0,0,10.0,,78.5
20.0,1,1.9,3.0,,0,93.62735809327096,4.139575222445845,2.0,5,2.0,2,,,43.3
21.0,1,2.6,4.9,,1,88.63759552161291,0.0,1.0,5,1.0,0,,0.0,60.2
17.0,1,3.9,,1.7,1,90.19114103102568,0.0,2.0,3,3.0,1,7.0,1.0,74.2
21.0,1,2.1,0.9,,0,70.6494171235172,4.23952724737728,1.0,2,2.0,2,0.0,,55.0
24.0,0,3.3,1.4,,0,56.97174154926714,5.616255763912059,0.0,0,2.0,2,7.0,1.0,72.9
20.0,0,5.9,3.3,2.8,1,76.76594722893982,0.0,2.0,4,3.0,1,6.0,0.0,91.6
,1,,3.2,2.4,0,66.21301292130673,0.0,0.0,1,2.0,2,8.0,0.0,75.5
22.0,1,6.1,2.5,,0,97.08231150761148,0.0,0.0,5,1.0,1,1.0,0.0,96.5
19.0,1,5.2,4.2,,1,100.0,0.0,0.0,3,1.0,2,,0.0,77.9
20.0,1,2.7,1.4,0.4,0,59.76316036421621,0.0,1.0,2,2.0,0,1.0,0.0,57.2
19.0,1,,0.9,,0,67.84161797381053,8.841329169255928,1.0,3,3.0,2,1.0,0.0,72.6
17.0,1,,3.0,0.8,0,54.89666490342068,7.686037909674131,2.0,4,2.0,1,3.0,0.0,53.2
24.0,0,7.2,1.3,0.0,0,51.40707213919647,20.99459632375804,1.0,2,3.0,1,4.0,0.0,100.0
18.0,1,3.3,1.9,1.3,0,100.0,11.574846594789268,0.0,0,2.0,0,,1.0,67.7
18.0,0,2.4,,1.4,0,86.04217523730489,0.0,0.0,2,3.0,0,2.0,0.0,45.8
21.0,1,2.1,3.1,4.2,0,72.28210682458946,0.0,1.0,2,2.0,0,,1.0,50.1
23.0,0,4.7,0.9,1.0,1,87.31141718991236,0.0,1.0,4,1.0,1,3.0,0.0,84.5
24.0,0,3.6,0.0,3.6,0,48.13482069918592,20.122317132331737,1.0,2,2.0,1,2.0,0.0,66.2
23.0,1,2.2,,3.0,0,91.15879821747409,0.0,2.0,0,,2,5.0,0.0,46.7
20.0,0,2.6,2.3,0.9,0,85.37781881286399,2.438121599837953,1.0,1,3.0,2,8.0,,69.3
24.0,0,5.1,,1.6,0,68.41441876218234,6.405120409316687,1.0,4,2.0,1,8.0,1.0,86.5
23.0,0,2.8,1.5,0.3,0,96.38787503104348,0.0,1.0,2,2.0,0,5.0,,71.6
24.0,0,1.0,1.4,,1,77.24290030365555,5.051322029996973,1.0,4,1.0,1,6.0,0.0,47.6
24.0,2,3.3,2.9,1.1,0,81.16343620957211,10.559146169877623,0.0,6,,2,3.0,0.0,70.4
23.0,0,1.7,3.3,0.6,0,73.02052402534737,2.28886100421774,1.0,5,2.0,2,5.0,1.0,50.1
18.0,0,3.2,3.5,1.7,0,61.589134596991165,13.12752728921981,2.0,2,3.0,2,5.0,0.0,63.6
21.0,0,3.9,1.8,,0,51.62397539948452,0.7387207141476151,0.0,1,3.0,1,3.0,,64.4
20.0,1,4.1,2.7,0.0,0,65.60193927941121,17.97847270680799,1.0,1,3.0,1,9.0,1.0,87.1
19.0,1,2.0,0.8,2.6,0,71.91757650794585,5.334356825579912,2.0,1,1.0,0,4.0,0.0,45.2
21.0,0,3.2,,2.6,1,60.26935461560882,0.0,1.0,4,2.0,0,2.0,0.0,46.7
20.0,0,3.8,2.1,1.0,0,79.30282363189141,7.080168938509702,2.0,1,1.0,2,7.0,,70.9
21.0,0,4.5,3.4,3.3,1,79.46290333137017,1.807185509078652,2.0,6,1.0,2,10.0,0.0,94.7
17.0,1,2.7,3.6,0.9,0,70.35449193001273,10.293861827196045,2.0,3,1.0,0,7.0,1.0,67.9
23.0,0,4.1,2.6,2.4,0,67.95603839640262,5.196495758830185,2.0,1,2.0,1,10.0,0.0,85.3
21.0,0,5.4,4.5,,0,65.25514640245419,0.0,1.0,3,,2,3.0,,83.9
24.0,0,2.5,,,0,95.84885146843314,7.721009000666555,0.0,1,3.0,0,7.0,0.0,52.5
21.0,1,2.3,1.0,0.4,0,85.2752183097704,4.3379866891224905,1.0,5,,2,1.0,0.0,66.9
21.0,0,0.7,0.7,1.0,0,55.36478361651592,21.8850765317041,0.0,5,,1,4.0,0.0,51.5
,1,4.8,2.1,1.9,0,88.45287477480937,6.209212707389045,1.0,1,1.0,2,,0.0,82.6
20.0,0,3.9,2.3,,0,80.92821768025298,0.113542558128374,,6,2.0,2,5.0,0.0,73.4
20.0,0,2.3,2.3,,1,49.13916925546752,0.0,1.0,0,1.0,2,9.0,0.0,68.9
24.0,0,5.1,0.5,1.4,0,79.51039221666828,0.0,2.0,3,2.0,1,8.0,0.0,100.0
20.0,1,2.6,2.2,0.7,0,84.50728994274405,11.24800736333007,0.0,1,1.0,0,5.0,0.0,63.6
21.0,0,3.8,0.9,2.5,0,65.08355645101854,1.6785429072861051,0.0,6,1.0,1,5.0,1.0,78.1
24.0,0,5.2,1.4,3.6,0,85.51147056204118,15.586038952771538,2.0,5,2.0,1,7.0,0.0,92.0
21.0,2,2.8,2.0,2.0,0,66.77290389439686,7.524794454513171,1.0,2,,1,3.0,1.0,59.9
19.0,1,2.4,2.9,1.7,0,67.40131417606858,0.0,1.0,0,2.0,1,8.0,1.0,67.4
22.0,1,,1.1,1.9,0,59.771563107554414,7.1378756459775445,0.0,4,3.0,0,,0.0,58.6
23.0,0,4.0,0.3,0.6,0,51.375400117881696,12.89036431302464,2.0,1,3.0,2,,0.0,89.5
18.0,1,4.3,2.6,,0,58.83185829915746,0.0,2.0,5,2.0,1,8.0,0.0,87.5
20.0,1,2.5,1.9,1.6,0,80.54832616048415,3.3035999880166784,2.0,3,2.0,2,9.0,,68.5
23.0,1,4.4,2.0,2.0,1,72.13707918843369,0.0,2.0,5,3.0,2,5.0,0.0,77.3
20.0,1,4.8,4.3,2.1,0,43.11215064421396,4.529407716425465,1.0,4,1.0,1,3.0,0.0,63.4
17.0,1,,2.6,3.7,0,61.275714883425046,4.328531842692368,0.0,6,1.0,2,4.0,1.0,61.6
19.0,0,3.0,4.5,2.3,1,59.01779057417082,0.0,1.0,5,2.0,2,6.0,0.0,52.6
19.0,1,3.8,3.0,0.7,0,67.93843658532964,6.512543376531948,1.0,1,2.0,2,5.0,0.0,61.6
,0,2.4,2.8,0.7,0,100.0,0.5282464028323348,1.0,3,,2,1.0,0.0,62.0
19.0,1,3.1,2.1,,0,68.61060120142926,0.0,2.0,4,2.0,1,8.0,0.0,85.6
19.0,1,3.8,,,0,72.13781729114442,5.101719907764132,,1,1.0,1,4.0,0.0,58.1
21.0,1,5.6,1.5,,1,76.45181905777821,1.5834158573338732,2.0,2,3.0,0,3.0,,89.8
,0,4.2,3.0,2.1,0,58.36933327947124,8.812896175743724,0.0,3,2.0,0,2.0,0.0,64.2
21.0,1,3.7,0.6,1.3,0,80.6701447932167,0.0,1.0,2,3.0,1,,0.0,70.6
17.0,1,4.4,2.4,1.7,0,75.82138020037306,0.0,1.0,0,2.0,1,6.0,,76.8
20.0,1,4.0,3.4,,1,55.83035989465355,6.963239894354214,0.0,4,2.0,1,6.0,1.0,68.8
23.0,1,4.4,1.9,,0,57.82915797333466,5.912857240425088,2.0,1,1.0,1,3.0,0.0,76.9
21.0,1,5.5,3.0,1.4,0,60.02955720232514,13.766305965066604,1.0,5,1.0,2,3.0,1.0,76.3
17.0,1,2.0,2.2,3.2,0,96.12107958097906,4.778032578099867,2.0,5,1.0,1,6.0,0.0,56.3
20.0,1,5.0,3.4,,1,70.15828990287916,1.046132293111365,2.0,3,2.0,1,2.0,1.0,67.7
22.0,0,2.4,0.9,,0,87.20426504453167,0.0,1.0,3,2.0,1,9.0,,78.3
23.0,0,5.5,1.1,1.4,0,90.476873088887,3.662967869241366,1.0,1,2.0,2,,0.0,84.5
23.0,0,4.0,2.0,2.0,0,68.4166880607701,6.892712716317764,1.0,4,3.0,2,,,70.7
19.0,0,4.6,3.0,,0,66.90291180443378,6.361951395436937,,5,3.0,2,1.0,1.0,66.0
21.0,1,3.6,2.1,3.5,1,44.76065448210685,13.851100850816616,0.0,2,1.0,1,9.0,0.0,65.6
20.0,0,6.3,3.0,3.9,1,57.15833047128385,21.959337592594693,1.0,3,3.0,1,5.0,0.0,85.3
20.0,1,6.5,0.7,1.7,0,72.20741802794194,11.280819501667168,2.0,4,3.0,1,4.0,0.0,100.0
23.0,2,4.5,3.8,1.3,0,54.43689144789554,2.6742738125493983,1.0,4,1.0,0,7.0,0.0,74.6
17.0,1,4.9,3.0,,0,73.83081280623958,13.508430014643656,2.0,2,2.0,2,5.0,,67.6
24.0,0,2.0,3.8,1.2,0,77.74237080978027,13.998822341118707,2.0,1,2.0,2,7.0,1.0,40.4
23.0,1,4.4,2.7,,0,80.50392639706646,8.226858468974418,1.0,7,,1,2.0,0.0,85.4
23.0,2,3.5,2.3,2.1,0,77.89283092057919,0.0,2.0,5,1.0,0,9.0,1.0,89.1
23.0,1,1.4,3.3,2.5,0,67.41320661630257,0.0,1.0,2,1.0,0,4.0,1.0,46.5
20.0,0,5.5,3.6,0.0,0,63.0677715449934,0.0,1.0,1,,1,,,80.3
20.0,0,6.3,2.5,3.3,0,95.9403637159887,5.70936192158504,1.0,7,1.0,2,5.0,,95.6
17.0,1,2.9,1.1,,0,100.0,12.175586302895464,0.0,2,,1,7.0,0.0,68.4
,0,4.4,1.8,0.7,0,72.72603644219853,15.510224341424708,2.0,4,1.0,2,3.0,1.0,78.4
21.0,0,3.4,,0.6,0,70.2399472233474,8.607604577558467,1.0,5,2.0,2,8.0,0.0,74.3
18.0,1,3.7,4.0,1.0,0,65.6234757025653,0.0,2.0,0,2.0,0,,1.0,77.2
23.0,0,4.9,1.6,4.0,0,79.33718289749663,0.0,1.0,5,2.0,0,7.0,0.0,95.5
19.0,0,4.1,4.2,1.6,0,85.29805888732471,5.751780803633086,2.0,2,1.0,2,6.0,,57.4
23.0,1,2.5,4.4,1.6,0,68.9032198986351,0.0,1.0,6,2.0,1,5.0,,51.3
18.0,0,1.5,3.0,2.3,0,70.32786865307571,18.29566504436969,1.0,3,1.0,2,10.0,0.0,57.3
18.0,1,7.4,3.6,3.9,0,87.15613583912578,1.845728231140953,,3,1.0,1,8.0,1.0,97.7
21.0,0,3.0,1.6,2.1,0,61.36015697558234,9.60704295942828,2.0,5,2.0,2,9.0,1.0,70.8
19.0,1,3.8,1.2,2.0,0,70.35031039037099,4.426910236708577,,2,2.0,1,3.0,,66.3
17.0,0,3.5,3.6,2.7,0,82.26238640305989,21.642197649525148,1.0,2,1.0,1,,,72.6
18.0,0,3.9,2.4,0.0,1,86.08375234960184,0.0,2.0,3,1.0,0,,1.0,59.5
21.0,0,1.1,4.3,0.9,0,80.4050510568588,6.78622905737922,1.0,2,1.0,1,9.0,0.0,49.9
20.0,1,3.3,4.3,0.4,1,93.10143041543304,9.675231695300957,0.0,1,1.0,1,,,67.0
19.0,0,2.7,1.4,2.8,0,83.43379946583417,6.810830181871874,,2,1.0,1,6.0,1.0,63.5
18.0,0,2.6,,,0,77.1294442629641,15.003041128376022,2.0,1,2.0,1,2.0,0.0,39.6
21.0,1,1.7,1.6,,0,32.366309318367506,0.0,1.0,5,2.0,2,7.0,,67.9
17.0,1,3.2,2.8,,0,69.29978905860435,3.44187683839518,1.0,3,1.0,1,4.0,1.0,58.6
22.0,0,,1.4,2.4,0,78.8361624278829,0.0,2.0,4,1.0,2,6.0,0.0,46.2
20.0,1,3.2,1.2,,0,64.87424306185459,0.0,2.0,3,2.0,1,9.0,0.0,77.9
19.0,1,3.1,0.7,1.3,1,73.56502351761816,0.0,1.0,1,1.0,0,5.0,1.0,81.5
23.0,1,1.8,1.1,0.6,1,83.00473326931169,13.053468012567444,0.0,5,2.0,1,6.0,0.0,70.9
19.0,1,3.7,,0.4,1,61.67088580544935,7.934796289027397,1.0,0,2.0,2,10.0,,76.9
20.0,2,2.6,4.9,4.3,0,62.34785773395217,2.2626422868631897,2.0,4,2.0,2,6.0,,52.1
17.0,1,4.3,4.3,,0,73.46572738684102,3.99308643319554,1.0,1,3.0,1,2.0,0.0,65.2
24.0,1,1.1,4.1,1.4,1,80.13077197086535,0.0,1.0,5,2.0,2,,,43.7
17.0,1,0.7,3.2,2.4,0,70.9297941683945,0.0,2.0,1,3.0,1,10.0,1.0,50.3
20.0,1,2.6,,,0,50.94110817183498,1.405477878245288,1.0,3,3.0,1,0.0,0.0,41.9
18.0,1,4.1,1.9,0.2,0,59.97846831537039,0.0,1.0,7,,2,1.0,0.0,72.4
23.0,0,3.6,,,0,67.84227572477673,9.020482577785735,,1,2.0,2,4.0,0.0,70.7
19.0,1,2.8,5.0,0.0,1,57.481987512680455,6.648892583402314,1.0,4,2.0,2,9.0,0.0,71.0
23.0,1,5.6,2.8,0.5,1,79.22762864992502,0.0,1.0,5,2.0,2,9.0,0.0,100.0
24.0,0,2.5,2.0,0.0,0,79.86621649928294,4.324050868072675,2.0,7,2.0,1,8.0,0.0,66.7
18.0,1,4.6,3.4,2.0,0,73.13682675399801,2.831203725201321,2.0,0,2.0,2,1.0,1.0,71.8
18.0,1,7.4,,1.2,0,96.6826290202814,4.388654520577816,,4,2.0,2,10.0,1.0,100.0
21.0,0,4.8,2.9,2.6,0,58.8201048775076,0.0,0.0,0,3.0,1,6.0,,82.1
17.0,0,2.3,0.9,1.0,0,67.97198996126556,5.622187579848657,1.0,0,3.0,1,3.0,1.0,47.2
17.0,1,2.0,1.6,0.0,0,44.76919984064767,18.25313848612877,2.0,5,1.0,1,4.0,,49.1
22.0,1,4.9,,2.9,0,71.5041857588611,0.0,1.0,1,2.0,2,4.0,0.0,69.4
24.0,1,3.7,3.6,1.7,0,85.61996878084945,9.319206323954148,2.0,0,2.0,2,9.0,1.0,77.4
21.0,1,4.2,2.9,,0,45.98533519490098,7.554639023830584,1.0,0,1.0,2,2.0,0.0,60.4
18.0,0,5.8,,4.1,0,63.35040563784226,4.190863938256409,0.0,6,2.0,2,8.0,0.0,99.3
20.0,1,4.3,,,0,86.88537726365666,15.33993114203517,0.0,4,,2,3.0,0.0,65.7
17.0,0,5.3,5.0,1.8,0,58.37244691056094,0.2187748946186889,0.0,3,1.0,1,,0.0,79.6
18.0,1,3.4,,1.4,0,84.07778707861124,10.32826253181413,0.0,3,2.0,2,5.0,0.0,75.2
17.0,2,2.7,2.3,3.2,1,79.5201365073596,0.0,0.0,4,2.0,1,0.0,1.0,57.4
24.0,0,4.9,0.0,2.5,1,76.67216337597682,12.908358759034543,1.0,4,3.0,1,0.0,0.0,97.2
19.0,1,2.7,,,1,93.31726673603772,0.0,0.0,2,1.0,1,8.0,0.0,86.9
17.0,0,3.3,1.8,,0,70.9634109770297,7.197267343378475,0.0,1,3.0,2,1.0,,62.2
18.0,1,3.9,3.9,,0,76.42427579418194,2.227002029041583,1.0,5,1.0,0,9.0,,71.5
22.0,1,3.0,3.7,0.9,0,40.26343854708092,0.0,0.0,6,2.0,1,9.0,0.0,73.9
20.0,1,3.2,3.0,1.4,1,77.91805688079302,4.434912578466053,2.0,2,3.0,2,9.0,0.0,74.8
19.0,2,3.1,1.9,3.7,0,79.8138158937915,3.2797665601070443,2.0,1,2.0,2,10.0,1.0,66.6
24.0,0,3.7,3.6,3.3,1,64.41321509992642,23.12454044615385,2.0,4,1.0,0,1.0,0.0,69.3
18.0,1,3.2,2.3,,0,42.31944597224839,0.0,2.0,1,2.0,2,7.0,0.0,64.2
18.0,0,4.6,3.9,0.0,0,60.968541907280255,4.674000388858652,0.0,2,1.0,2,1.0,0.0,84.8
19.0,1,2.7,1.0,2.4,0,74.8953233356815,21.15273831535405,1.0,2,,0,,0.0,57.3
20.0,0,4.2,,2.1,0,95.76430719250936,20.91984427641509,,1,3.0,2,5.0,0.0,70.6
21.0,2,1.7,0.2,,0,63.447314510060814,0.0,0.0,1,1.0,2,7.0,1.0,56.4
20.0,1,2.5,1.4,0.9,0,66.96467942014891,11.252204142068996,2.0,7,2.0,2,,0.0,73.1
17.0,0,1.4,0.9,2.6,1,98.79599189537495,0.7545472093976625,0.0,2,2.0,2,,0.0,51.0
17.0,0,2.5,3.7,,1,74.54354944063547,11.072206081814535,2.0,6,2.0,1,8.0,0.0,78.8
17.0,0,,3.2,3.7,0,82.0860581112348,17.766921599080472,,4,2.0,2,5.0,1.0,47.0
23.0,0,2.5,0.2,0.9,1,64.88217835938691,0.0,2.0,3,1.0,2,5.0,,80.0
24.0,1,3.6,0.9,2.4,0,89.21170897823704,9.392980616314386,0.0,1,2.0,1,3.0,0.0,72.3
,2,,1.5,,0,71.69385589649916,7.493241181905445,1.0,0,1.0,2,,1.0,80.2
18.0,0,3.8,4.5,1.6,1,79.26042981486576,11.854876669545371,2.0,4,1.0,2,4.0,,53.5
18.0,1,5.2,3.7,0.9,0,89.32057952929276,24.0,2.0,0,1.0,0,1.0,0.0,77.1
21.0,0,1.7,1.2,3.2,0,76.46147164903411,8.799576618348777,2.0,4,1.0,1,5.0,,37.4
20.0,1,0.8,2.3,,1,75.29414895797252,13.197750349163284,0.0,4,2.0,2,7.0,,34.7
17.0,1,2.3,1.5,3.2,0,87.21003104856648,10.596969897568718,2.0,2,1.0,1,4.0,0.0,52.4
23.0,0,3.1,3.5,2.2,0,77.66259677730446,1.6915706095983718,,0,3.0,2,8.0,0.0,49.9
19.0,0,4.4,0.2,,0,67.08478304968246,7.375766808564824,2.0,1,1.0,1,10.0,,80.7
24.0,1,4.7,1.3,3.3,1,56.44451285720704,9.618133535543896,2.0,2,3.0,2,1.0,0.0,73.6
18.0,0,2.9,2.2,1.7,1,80.00555944324941,9.7500263428667,2.0,2,2.0,1,,0.0,71.2
18.0,1,6.0,3.6,0.8,0,87.55478240860255,8.301604019787739,2.0,0,1.0,2,4.0,,87.9
18.0,1,1.7,2.9,2.5,0,69.1199257881456,8.986188300188491,2.0,1,2.0,1,8.0,1.0,39.9
21.0,1,1.1,0.4,2.4,1,87.90271311144477,1.2879696386187596,2.0,2,,1,2.0,1.0,46.3
22.0,2,3.0,3.2,0.3,0,73.50894121178749,8.044516214217328,2.0,2,3.0,2,6.0,0.0,65.3
22.0,1,5.8,0.6,,0,49.302713224091306,11.99838844619197,1.0,5,2.0,2,7.0,0.0,100.0
22.0,0,4.2,3.1,,0,75.3177300034244,0.0,2.0,0,3.0,0,10.0,0.0,79.9
,1,4.6,1.2,,0,61.15096449246151,22.14631222452564,,3,,1,7.0,0.0,91.7
20.0,1,,4.6,2.0,0,73.25844325702667,3.3606201751605087,1.0,2,2.0,2,5.0,0.0,73.8
,1,4.3,2.9,1.9,0,87.6386230324604,1.8699475951368345,2.0,3,2.0,1,8.0,0.0,74.9
17.0,0,3.8,2.0,1.4,0,88.94722481320782,4.873931309598949,2.0,2,3.0,2,1.0,0.0,65.9
21.0,0,0.0,,2.9,0,70.56903860047353,11.570023722400352,0.0,2,,1,7.0,0.0,30.5
,0,4.3,3.3,3.0,0,83.03427982239646,7.130640370423028,1.0,5,1.0,0,7.0,1.0,67.3
23.0,1,6.1,1.8,0.5,0,74.58258951512364,0.2694038877222419,2.0,7,2.0,2,3.0,1.0,98.3
18.0,1,0.0,1.9,,0,74.37312041167155,0.0108005247225866,1.0,2,2.0,1,9.0,,55.2
20.0,1,4.1,4.6,3.4,0,68.09786074762329,5.071645775670791,0.0,6,2.0,2,9.0,,81.6
23.0,1,0.0,1.2,1.1,0,70.37101857885966,11.757040520575128,1.0,6,3.0,1,,1.0,56.2
23.0,0,1.7,3.8,1.2,0,69.31041317850114,0.0,0.0,5,3.0,2,6.0,0.0,55.4
24.0,1,4.5,3.2,,1,83.04436268329844,2.051835809341424,2.0,0,1.0,2,5.0,,59.9
23.0,1,2.5,0.9,,1,41.119606123745086,0.3311928768056603,2.0,4,2.0,1,7.0,0.0,58.9
17.0,1,5.7,2.7,,0,69.83038143602347,17.04799390631709,2.0,0,3.0,1,8.0,1.0,89.8
19.0,0,0.8,3.2,1.4,0,70.89502107026736,16.829080787486063,2.0,2,3.0,1,5.0,0.0,45.1
21.0,0,5.2,0.0,,0,67.9185769110059,0.8083708637637266,1.0,5,1.0,0,9.0,0.0,100.0
24.0,0,4.3,2.0,2.8,1,79.07865544998424,15.310106334241484,2.0,5,1.0,0,3.0,1.0,82.8
,1,3.2,3.2,,0,98.9565185671788,0.0,2.0,1,1.0,2,6.0,0.0,70.4
22.0,1,5.3,1.0,2.2,0,70.82078494569397,0.0,1.0,1,1.0,1,7.0,0.0,81.3
23.0,1,1.2,1.1,,0,71.8038989286282,7.395253409230016,1.0,0,2.0,1,3.0,1.0,35.6
21.0,1,4.4,0.3,,0,81.7298300236856,14.289908977979332,1.0,5,2.0,2,3.0,0.0,84.5
21.0,0,5.0,2.3,,0,54.2724255368015,0.0,0.0,7,2.0,2,,0.0,75.4
20.0,0,2.3,3.2,2.4,0,77.61427684704024,8.506385776329722,1.0,5,2.0,0,0.0,,48.5
19.0,1,2.6,,2.4,0,50.24029948577713,0.0,,0,3.0,2,2.0,1.0,44.5
22.0,1,3.4,2.5,2.2,0,51.23399346639169,9.756654630420812,0.0,1,3.0,2,4.0,0.0,63.4
19.0,1,7.6,3.0,,0,89.21358672159738,1.5669112649980637,0.0,1,1.0,2,4.0,0.0,100.0
21.0,0,6.6,,1.5,0,78.80228190309424,10.23090119163993,1.0,2,3.0,0,3.0,0.0,96.6
19.0,1,2.3,2.9,1.0,0,64.1623384579408,9.828089228933973,2.0,1,2.0,2,5.0,1.0,48.9
21.0,1,5.3,2.4,0.1,0,83.88588907552219,9.748780095109767,,0,2.0,2,4.0,,85.8
,1,4.7,4.3,0.0,0,82.62471587030495,8.861792563822057,2.0,6,2.0,2,6.0,0.0,83.5
21.0,0,3.4,2.7,3.4,0,99.91768152944356,10.34810150500104,2.0,1,1.0,2,6.0,,65.6
20.0,1,4.8,0.8,0.0,0,58.3116191673281,3.849916133748332,2.0,6,1.0,1,2.0,0.0,88.0
24.0,0,5.4,0.2,0.0,0,64.58193833630031,9.286513716306793,,5,2.0,1,,0.0,100.0
17.0,0,3.7,2.8,,0,85.86482692278267,3.037282402723911,1.0,3,2.0,2,4.0,1.0,59.8
21.0,0,2.4,3.7,,0,86.01139588307278,0.998616593653803,2.0,5,1.0,2,4.0,,52.4
24.0,1,0.7,2.2,0.0,0,91.44507851333596,13.008708317618613,1.0,3,1.0,2,6.0,0.0,48.7
17.0,1,,2.8,4.1,0,72.81456488083292,20.57852970958695,2.0,4,1.0,2,6.0,0.0,90.3
20.0,0,5.2,3.2,4.2,1,70.27709925613016,19.52705223933159,0.0,0,2.0,0,10.0,0.0,83.3
17.0,0,4.4,1.3,,0,83.67986860245108,0.0,2.0,3,3.0,2,7.0,,80.9
24.0,0,4.0,2.3,2.5,0,64.0723510255373,6.505162715261651,1.0,6,2.0,2,0.0,0.0,77.8
20.0,1,2.7,3.7,1.1,0,51.68063762689104,4.030474223394074,1.0,0,1.0,1,3.0,0.0,44.3
20.0,0,1.6,1.8,0.0,0,89.70120517824003,2.999395483804721,2.0,2,2.0,2,4.0,,58.6
17.0,1,3.2,,0.7,0,63.2820910300191,1.332820860629887,1.0,6,3.0,0,4.0,0.0,67.9
18.0,1,0.8,3.3,0.2,0,80.77273881839392,0.0,2.0,3,2.0,0,10.0,,51.8
23.0,2,,1.6,,0,73.43593945836697,13.507106730629832,1.0,6,3.0,2,5.0,0.0,100.0
23.0,0,2.2,1.6,2.0,1,82.55298633333267,0.0,2.0,6,1.0,1,5.0,1.0,65.6
22.0,0,3.5,3.1,2.9,1,82.69720140685962,13.36410526561044,2.0,1,3.0,1,5.0,,55.1
17.0,1,4.3,,,0,78.26454236526082,12.47585965492251,,1,1.0,2,8.0,0.0,84.9
20.0,0,3.0,2.4,4.0,0,76.65527101556027,0.0,0.0,6,1.0,2,,,62.9
23.0,0,0.3,3.1,1.4,1,68.13558717662728,9.588635021170209,2.0,3,2.0,2,5.0,0.0,36.1
20.0,1,2.3,,2.0,0,66.30048030173552,2.8926272248423435,1.0,3,2.0,1,,,57.0
22.0,1,1.1,2.7,0.1,0,98.5028654604128,3.5657085733079463,,1,1.0,2,5.0,0.0,51.2
24.0,1,5.5,2.5,1.0,0,84.76552148900001,14.192326618847344,1.0,1,2.0,2,0.0,,80.6
18.0,0,1.2,3.6,0.0,0,78.0536554466068,0.360090898236143,0.0,3,1.0,1,5.0,1.0,41.1
23.0,0,3.5,3.0,1.5,1,64.6554155955413,13.701262931860928,2.0,1,2.0,1,10.0,,67.4
21.0,1,,3.7,0.0,0,75.8780967117941,13.40030934528015,2.0,6,1.0,2,9.0,,100.0
19.0,1,2.2,5.0,,0,56.15947311133485,13.380402548833056,0.0,4,3.0,1,3.0,1.0,46.4
22.0,0,1.2,2.3,1.7,0,76.95486073324066,6.843141766116571,,0,1.0,0,2.0,0.0,28.0
,1,5.2,3.2,2.0,0,60.706508551640354,13.4647577357906,,1,2.0,0,2.0,1.0,70.5
19.0,0,2.5,,,0,59.45280074938248,0.0,2.0,1,1.0,2,,0.0,45.1
22.0,1,3.9,2.1,2.2,0,51.82132769462978,0.0,2.0,1,1.0,1,10.0,0.0,73.7
17.0,1,2.9,1.0,2.4,1,68.30901776730082,16.69014466660154,0.0,2,1.0,1,7.0,1.0,65.9
23.0,1,4.4,2.2,,0,99.47647468768756,0.0,2.0,2,2.0,2,,0.0,78.9
22.0,1,5.8,1.4,1.9,0,78.03603080787914,7.585736303135676,2.0,4,2.0,1,8.0,1.0,96.6
19.0,1,0.0,,0.6,1,56.805851092261335,0.0,2.0,5,1.0,1,5.0,0.0,53.0
19.0,1,3.9,0.7,0.7,1,74.80854410808067,7.829424197884438,0.0,1,1.0,0,1.0,1.0,73.0
18.0,0,2.1,,3.6,0,75.7153179823998,5.159432078669684,1.0,4,3.0,0,5.0,0.0,56.9
,0,4.1,,2.4,0,86.92303711809001,7.597617213946128,,3,1.0,2,9.0,0.0,83.1
19.0,0,1.8,2.5,2.4,0,71.68065550638872,5.474385235318253,1.0,1,1.0,1,2.0,,45.3
19.0,0,4.4,4.3,3.2,0,56.88014683562752,11.660425539808031,2.0,3,3.0,2,8.0,,74.6
17.0,1,2.2,2.4,2.3,1,93.71718003016086,10.608515218207229,0.0,5,2.0,1,7.0,,62.7
18.0,1,5.1,2.1,,1,45.620098538845824,11.338135811095052,1.0,0,3.0,2,9.0,1.0,99.4
23.0,0,5.5,,3.2,1,66.2799824705496,7.949350229090452,1.0,5,1.0,2,,0.0,82.6
22.0,0,3.5,2.1,,0,91.65533537788096,7.361116612436003,2.0,4,,0,10.0,0.0,75.9
22.0,0,4.9,2.6,0.0,1,56.54787013908076,10.848518579127571,0.0,3,2.0,2,,0.0,80.9
21.0,0,,3.1,1.3,0,75.7301227477513,8.78610949113965,0.0,0,1.0,0,1.0,0.0,34.3
20.0,2,4.6,2.2,2.6,0,64.24366413086294,9.519298513469437,0.0,7,2.0,2,2.0,0.0,78.5
18.0,0,6.0,1.6,1.3,0,77.01023576523428,1.4924506424277977,1.0,5,1.0,0,8.0,0.0,100.0
,0,0.8,1.4,3.8,1,61.83721778402191,6.472541410470932,2.0,3,2.0,1,10.0,0.0,36.0
24.0,1,,3.4,0.4,0,68.32090815868733,0.4907502481559749,1.0,5,1.0,0,9.0,0.0,98.8
19.0,1,4.9,2.8,1.6,0,62.434840640352064,1.7027039646614128,2.0,5,1.0,1,,0.0,85.0
18.0,0,4.1,,2.6,0,90.01092523763309,0.9767495272275256,,7,2.0,2,8.0,0.0,91.9
18.0,1,5.2,3.7,1.1,0,85.80865458281203,11.223257170970795,1.0,3,2.0,1,9.0,,100.0
19.0,0,4.6,2.4,2.4,0,64.04491254046961,10.057729332648384,0.0,4,1.0,2,5.0,0.0,87.8
23.0,1,1.6,3.2,1.7,0,89.06292770304334,3.1949004142670168,2.0,2,1.0,2,,0.0,36.8
22.0,0,4.0,3.2,,1,75.21619541033155,2.7733581836745254,2.0,5,1.0,2,3.0,1.0,63.0
24.0,0,4.3,4.9,3.0,0,62.83279181316196,7.090321629285552,1.0,4,3.0,2,10.0,1.0,74.0
19.0,1,3.2,,2.0,0,82.3400730814791,1.5346982298534482,1.0,5,1.0,0,10.0,0.0,74.5
19.0,1,4.2,5.6,0.4,0,91.3113648636754,15.58187058236719,0.0,0,2.0,0,5.0,1.0,78.7
20.0,1,2.0,0.0,,1,58.49314038988058,12.489182179902212,,3,2.0,1,2.0,,54.9
20.0,1,3.1,0.0,3.3,0,73.9548646849773,0.0,1.0,0,2.0,1,7.0,0.0,72.8
20.0,0,5.6,,0.0,0,69.38943923594165,11.99051992108308,1.0,5,2.0,1,6.0,0.0,100.0
21.0,1,4.8,1.5,2.2,0,89.92636708127523,3.3218869117728964,1.0,4,2.0,0,3.0,,78.4
24.0,1,3.2,3.0,,0,77.54792201559047,4.105029261753124,0.0,3,2.0,1,8.0,1.0,57.5
20.0,1,2.0,3.2,3.8,1,64.99612572351451,4.635533343941249,0.0,5,1.0,0,10.0,1.0,75.7
22.0,0,4.1,2.5,,0,69.84058613616082,15.09458635938163,2.0,5,,2,6.0,0.0,70.2
24.0,1,2.4,2.9,,0,47.73690516398548,2.358691770937878,1.0,6,1.0,2,3.0,1.0,50.4
23.0,0,3.5,2.1,,0,89.19114694212786,2.0575175712396927,1.0,1,1.0,2,4.0,,64.2
22.0,1,6.2,1.0,3.4,0,71.12274671000245,0.2877113990794858,0.0,3,2.0,2,10.0,0.0,100.0
19.0,1,2.8,3.1,4.5,0,85.06283426248578,11.9766135482337,,2,,2,3.0,,40.7
20.0,1,5.3,1.8,,0,71.31329880986276,13.560439753163406,2.0,0,2.0,2,6.0,,91.5
21.0,1,3.9,2.4,1.8,0,76.43625501208166,14.567640682458986,,1,1.0,1,4.0,0.0,68.4
22.0,0,2.0,0.8,0.5,0,79.89213644454074,5.379248587456143,2.0,3,2.0,0,,,73.5
18.0,0,3.2,2.2,,1,77.98832120584902,13.084374519259288,1.0,4,2.0,1,4.0,0.0,71.1
18.0,2,3.5,1.8,1.9,0,77.57246562996197,7.653185659410984,1.0,0,1.0,2,8.0,0.0,85.0
21.0,1,2.2,3.5,,0,56.95511707645398,5.489181170117253,,0,2.0,1,,0.0,57.6
17.0,1,4.2,2.0,0.4,0,82.1109601470173,5.137674033654143,1.0,3,3.0,2,7.0,1.0,93.9
24.0,0,,2.3,1.7,0,84.82470494255222,3.9034940320936817,1.0,1,2.0,2,1.0,1.0,45.5
22.0,1,6.4,4.2,,1,76.2682893260405,2.2904659270573045,1.0,1,1.0,2,6.0,0.0,85.0
18.0,1,4.6,2.5,3.0,0,58.4139926428742,6.433990159102988,1.0,6,2.0,0,5.0,0.0,72.7
20.0,0,6.0,2.2,2.8,1,74.60760111236468,15.554239961690376,2.0,0,2.0,1,5.0,0.0,96.8
19.0,0,3.5,2.1,0.5,1,47.69756999388464,10.857107255255013,2.0,4,2.0,1,1.0,0.0,64.2
22.0,2,3.8,1.4,1.2,0,78.25425219413407,11.983740716348482,2.0,1,1.0,1,3.0,,70.4
19.0,1,,4.7,,0,80.7152557279912,12.465558413627312,2.0,0,1.0,2,6.0,,69.7
18.0,0,3.9,3.4,,0,53.09939883155326,6.051624091545017,1.0,6,1.0,1,9.0,1.0,77.0
17.0,1,5.1,3.1,3.7,0,79.11412079675377,1.659183939364257,1.0,2,3.0,2,7.0,0.0,85.2
22.0,1,3.8,1.8,0.7,0,99.89338522081916,8.264412058279193,1.0,5,2.0,1,3.0,0.0,84.2
21.0,1,1.3,3.4,2.2,0,80.91570146823223,9.885229279546738,1.0,5,3.0,0,4.0,0.0,49.7
23.0,1,,,3.1,0,67.85410385876,0.2331542104615418,,2,2.0,2,3.0,0.0,77.9
22.0,0,3.8,0.9,2.0,1,60.73641106429548,0.0308193094387722,1.0,2,,2,10.0,0.0,79.7
24.0,0,3.7,2.8,2.1,0,78.55489446977847,0.0,,7,1.0,1,,0.0,75.5
21.0,1,2.5,1.9,3.2,1,80.0888707226511,1.7769879053461242,1.0,4,3.0,1,2.0,0.0,60.1
20.0,0,2.1,2.9,1.4,0,47.777863502309685,0.0,,4,,1,,0.0,60.4
20.0,1,3.7,1.2,3.3,0,80.26120493603516,0.0,0.0,6,,2,9.0,0.0,82.7
19.0,1,3.7,4.7,2.0,0,98.73344003243793,4.612239915990777,2.0,6,2.0,2,2.0,0.0,69.7
20.0,1,3.6,3.6,0.9,0,53.6597635487261,0.590662789793062,0.0,3,,1,10.0,1.0,72.9
20.0,1,3.7,1.9,2.5,0,59.1014077295627,11.98595513742216,1.0,3,2.0,2,5.0,1.0,61.1
24.0,1,3.4,,0.1,0,67.63760904952672,4.457699711387251,1.0,4,3.0,1,7.0,,83.8
21.0,0,4.0,1.7,2.0,0,62.80677890611799,10.737850054892116,1.0,3,1.0,2,6.0,0.0,66.5
22.0,0,4.9,1.9,,0,83.79853284141257,3.392225219744941,1.0,4,2.0,1,9.0,,98.7
17.0,0,1.5,,,0,90.80198477837104,0.0,1.0,0,1.0,2,10.0,0.0,54.2
,1,2.8,2.6,1.7,0,69.69783570455515,11.054357294660145,1.0,5,1.0,2,3.0,0.0,70.3
23.0,0,,3.0,2.0,0,90.461120029702,2.7595396842617075,1.0,0,3.0,1,5.0,,65.2
22.0,1,1.9,2.9,1.6,1,85.27922999465855,8.076005847841076,1.0,3,2.0,2,,,44.4
22.0,0,4.2,2.2,1.6,0,71.89594958360206,5.930358656892878,1.0,5,1.0,2,3.0,1.0,73.3
20.0,0,2.7,1.9,,0,56.45806615564388,6.6486953953420125,,3,1.0,0,7.0,0.0,71.2
20.0,1,3.2,1.7,,1,96.7697139499364,11.116028444536113,2.0,2,3.0,1,,1.0,66.3
20.0,1,5.3,2.7,2.4,1,89.96890772243773,1.9882843565590564,2.0,3,1.0,2,7.0,0.0,81.0
19.0,0,3.0,2.6,1.6,0,63.68411708664928,0.0,,1,3.0,1,8.0,1.0,55.0
24.0,1,3.2,2.9,2.1,0,68.4005974981138,12.162022389459866,2.0,0,2.0,2,1.0,,40.3
22.0,1,2.4,4.1,0.0,0,69.84633157683693,0.0,1.0,2,2.0,1,3.0,1.0,47.9
17.0,1,4.5,0.9,,0,80.96259018229237,13.627168289577542,2.0,1,2.0,2,,0.0,70.6
23.0,1,3.1,2.1,,0,98.26827917723014,0.0,0.0,1,1.0,2,2.0,0.0,53.3
22.0,1,5.9,0.0,3.0,0,78.70065988425831,6.615586641552868,1.0,1,1.0,2,0.0,1.0,93.6
22.0,1,2.1,2.1,2.0,0,51.84707730212567,13.72413383485558,1.0,0,1.0,2,5.0,1.0,44.1
22.0,1,2.0,2.4,3.9,0,59.94655719447262,10.340925841613334,1.0,3,1.0,2,2.0,1.0,29.5
22.0,1,0.0,2.0,2.5,0,78.33317236997654,11.489988878964986,0.0,3,2.0,1,1.0,0.0,29.9
18.0,0,3.0,1.4,2.0,0,73.48099927697132,4.189457573685429,1.0,4,2.0,2,2.0,0.0,67.2
17.0,0,3.5,0.0,,0,81.27316315585283,3.3548713268126216,2.0,3,3.0,0,0.0,,63.6
22.0,0,6.7,2.9,2.0,0,58.89411257983146,0.8910946929042154,2.0,7,2.0,1,6.0,0.0,100.0
17.0,1,4.3,1.5,0.0,0,72.35619519073308,0.0,0.0,7,,1,4.0,0.0,84.2
18.0,1,4.3,,2.2,0,77.03068923691679,8.134688624265866,0.0,7,1.0,1,3.0,,64.6
22.0,0,5.5,,1.8,0,87.8379266328411,6.462440755483999,1.0,1,1.0,0,6.0,0.0,77.3
21.0,0,6.7,1.4,,0,77.75528545069582,4.208735108937063,1.0,4,2.0,2,2.0,0.0,93.8
19.0,0,3.7,,0.9,1,72.87948168817206,6.271778336202338,1.0,0,1.0,1,,0.0,56.3
,1,3.2,2.1,,0,90.58327459828529,0.0,1.0,1,,2,2.0,0.0,69.4
20.0,0,3.3,2.8,1.4,1,76.62339525534259,7.084976821254887,0.0,4,2.0,1,,0.0,71.9
19.0,0,1.7,2.6,2.6,0,85.07710650804172,9.690029301582296,2.0,3,2.0,2,7.0,0.0,53.5
18.0,0,4.4,2.9,1.3,0,80.72005644040944,0.0,1.0,4,1.0,2,10.0,,91.3
22.0,0,3.9,2.2,,0,81.67145117279885,2.353657463387812,0.0,2,3.0,1,7.0,1.0,84.9
18.0,1,3.8,0.6,,0,74.45414642917657,14.015334749179765,1.0,4,2.0,1,9.0,,85.7
21.0,1,3.2,4.2,,0,74.58008508999546,4.612353458082372,2.0,5,1.0,2,5.0,1.0,67.5
20.0,1,2.1,0.5,,0,60.26807148447294,5.817281814971004,0.0,4,2.0,2,5.0,1.0,62.3
18.0,1,2.4,4.1,0.3,0,97.59034918104535,0.0,0.0,4,2.0,2,9.0,0.0,67.4
24.0,0,2.4,2.6,1.5,0,74.02371173344795,4.870105161360025,2.0,2,1.0,2,5.0,0.0,58.9
23.0,0,4.3,3.0,1.5,0,100.0,0.0,2.0,5,,1,10.0,1.0,93.2
21.0,1,2.2,1.0,1.4,0,68.04245797667329,2.5241947212045264,0.0,2,1.0,0,9.0,,62.6
19.0,1,2.1,0.8,2.0,0,79.31517610450163,9.819705761869455,2.0,5,3.0,2,10.0,,68.4
24.0,0,5.4,4.1,1.1,1,88.89552680182618,11.069911883813155,1.0,0,2.0,1,1.0,0.0,69.7
20.0,0,0.5,,3.8,1,56.24225667808616,17.59907546328553,2.0,3,,1,2.0,1.0,30.2
21.0,1,3.6,2.3,2.9,0,87.71658611607577,9.395124528785182,1.0,1,3.0,2,3.0,0.0,69.6
24.0,0,4.8,2.5,2.4,1,76.98758737988085,3.14572263950296,2.0,5,1.0,2,0.0,0.0,76.2
23.0,0,1.8,1.7,0.3,0,77.96612821591091,9.904232439475429,1.0,4,1.0,2,0.0,,58.1
20.0,1,2.3,1.6,,1,64.17415649495899,8.019412847592605,1.0,1,1.0,1,8.0,0.0,56.2
19.0,1,3.1,1.1,,0,55.86556226523063,2.0288984336918072,2.0,2,1.0,2,10.0,1.0,58.4
,0,5.0,4.0,1.4,0,77.68355724175962,1.3297355118727,,6,1.0,0,9.0,0.0,88.6
17.0,0,5.4,,1.4,0,96.90160953753868,9.53663739727956,,2,1.0,1,4.0,0.0,95.5
21.0,1,6.8,,,0,55.22393816480019,6.754733116033577,1.0,1,1.0,1,8.0,0.0,96.2
23.0,1,3.5,,0.5,0,80.68247389435177,17.880231270384233,1.0,3,2.0,2,8.0,0.0,81.9
21.0,0,3.5,3.9,2.5,1,43.7795970641796,0.0,2.0,3,,2,10.0,0.0,74.5
20.0,1,1.8,4.8,3.2,0,89.29324115898312,8.96115735895104,2.0,4,2.0,2,4.0,0.0,37.4
17.0,1,3.5,0.9,0.4,0,56.98017418932179,7.696185947923488,1.0,4,,1,,1.0,72.9
17.0,0,4.4,6.1,0.0,0,80.50287713644448,12.460404701896898,,5,2.0,1,10.0,,84.9
19.0,1,3.4,2.7,2.7,0,93.26046478975742,0.1625130068888751,,4,2.0,2,,0.0,75.8
20.0,0,0.0,3.5,3.2,0,57.79998357510969,0.6273446248473589,1.0,3,1.0,2,2.0,,26.2
20.0,0,1.4,4.0,3.6,0,88.58033743342386,0.0,2.0,3,3.0,0,4.0,0.0,35.4
22.0,0,3.8,3.6,4.3,0,89.20191211049267,0.0,0.0,1,2.0,0,8.0,1.0,69.9
24.0,0,2.4,4.3,,0,88.11533122120106,4.740236384874264,0.0,4,1.0,1,10.0,1.0,71.0
17.0,0,5.0,1.3,,0,93.67963726628312,0.0,2.0,5,2.0,2,6.0,0.0,96.2
24.0,2,4.2,2.2,0.3,1,71.04312788561074,7.3940170651517825,0.0,4,1.0,2,,1.0,87.5
21.0,1,3.6,1.9,2.3,0,70.64977594709565,1.0278049206491024,2.0,4,2.0,1,7.0,,83.2
17.0,0,5.4,3.3,2.6,0,67.91635348844402,14.991531688255636,,7,1.0,2,7.0,,98.1
,1,6.2,2.8,1.0,0,64.14424929637144,8.929929901392793,1.0,5,3.0,2,5.0,0.0,100.0
21.0,0,3.4,1.5,,0,69.28249288259688,1.4910920520120523,1.0,1,,0,1.0,0.0,67.0
20.0,0,3.6,3.1,1.1,0,79.18391012719286,4.123470062636172,1.0,0,2.0,1,5.0,1.0,75.1
23.0,1,3.5,0.8,0.6,0,70.41164396926533,3.167605320712432,2.0,1,1.0,2,4.0,0.0,84.2
20.0,0,2.4,2.6,,0,85.75264877345114,6.254824274692468,2.0,3,,2,3.0,,48.3
24.0,1,2.8,2.2,2.7,0,49.48645858636547,0.6350261368826831,2.0,0,,2,2.0,,47.4
17.0,0,1.5,2.4,,1,84.17576849771363,8.799100618730435,0.0,4,1.0,1,9.0,0.0,60.3
17.0,0,4.6,3.7,0.6,0,74.01489271619258,18.75742662877608,2.0,4,1.0,1,3.0,1.0,73.2
20.0,1,,3.0,2.6,0,77.21574748089046,11.32506150755254,1.0,3,1.0,2,3.0,0.0,70.7
21.0,1,4.2,4.5,,0,59.4883011333149,0.0,2.0,3,1.0,1,9.0,0.0,75.3
21.0,0,3.4,3.6,3.1,0,73.24260363369153,15.963937779220783,2.0,1,2.0,2,10.0,0.0,76.4
20.0,0,1.8,3.1,,0,61.84112226259941,2.4289771690899595,2.0,4,1.0,1,8.0,0.0,54.0
22.0,1,2.2,1.0,2.9,0,78.0756295733481,3.800498461907771,2.0,6,,2,6.0,0.0,63.7
24.0,0,3.2,3.0,0.1,0,96.16536061646129,12.609835318111738,1.0,6,1.0,1,6.0,,82.4
22.0,1,3.1,,1.8,0,82.65440067687881,18.04037442287424,1.0,3,2.0,1,,0.0,62.7
18.0,0,4.3,3.4,0.9,0,81.71697056807245,18.53975644602957,1.0,0,3.0,2,3.0,0.0,59.2
23.0,0,4.8,2.8,,0,90.23582579236772,4.825344794593303,1.0,4,1.0,2,2.0,0.0,85.4
23.0,0,4.0,1.8,3.4,0,70.91743665848014,11.516337814773422,2.0,1,2.0,0,,1.0,82.9
18.0,0,3.2,3.1,2.0,0,81.29167483650997,0.0,2.0,4,1.0,1,7.0,,70.9
23.0,0,4.1,1.6,0.5,0,72.51306639794325,12.057661386289244,0.0,6,1.0,0,8.0,1.0,89.8
17.0,0,4.1,2.7,0.6,0,79.05807378121257,2.0286442484954827,1.0,0,2.0,2,3.0,0.0,67.3
19.0,0,,7.2,2.9,1,84.54151200871557,5.713175690558565,1.0,1,1.0,2,6.0,0.0,50.1
21.0,1,3.9,1.9,2.4,0,66.9885410827246,3.4480575837854373,,2,2.0,1,1.0,0.0,64.0
17.0,1,5.1,3.9,3.0,0,67.42241345461325,0.0,,0,2.0,1,10.0,0.0,90.6
20.0,1,3.6,1.1,,1,69.68095938958135,2.712764819384305,1.0,3,1.0,2,,0.0,77.2
21.0,2,5.1,0.9,0.7,0,76.6408334945795,0.0,1.0,6,1.0,2,2.0,0.0,87.0
,1,3.3,3.0,1.0,0,86.0937628914569,16.811345876918697,2.0,5,3.0,1,3.0,0.0,73.0
22.0,1,2.0,1.3,3.4,1,67.9620855575316,4.382016792592172,,1,1.0,1,9.0,0.0,53.8
21.0,1,1.0,,1.0,0,71.65696873249804,19.46362600006869,1.0,0,2.0,1,7.0,1.0,52.6
23.0,0,2.6,4.0,1.1,0,84.24724958474161,17.95327246160031,2.0,0,1.0,2,10.0,0.0,66.6
21.0,1,3.0,1.6,2.0,0,96.87537039389096,4.487150657652824,,5,2.0,2,1.0,0.0,67.7
,1,1.4,2.1,,0,53.18641001637378,7.694465420073679,1.0,2,2.0,2,5.0,0.0,52.6
22.0,0,2.3,4.6,0.6,0,73.46508032147358,4.963778398954897,2.0,7,3.0,2,4.0,0.0,58.7
20.0,2,4.9,4.0,1.7,0,84.5916294379982,17.506423710768978,1.0,1,3.0,1,4.0,0.0,77.0
23.0,0,3.9,2.4,2.5,0,47.97478385609516,7.68191951880706,1.0,1,2.0,1,2.0,,74.4
20.0,0,3.5,3.6,2.2,0,68.9825341287748,0.0,,2,1.0,1,8.0,0.0,75.1
23.0,1,3.2,2.3,1.7,1,69.69721415969543,0.0,0.0,0,3.0,2,10.0,,66.3
20.0,1,4.9,2.8,0.6,0,87.35944172535056,10.735176196906346,1.0,6,1.0,1,,,88.7
18.0,0,2.5,,1.2,1,87.55659631590969,5.212594137057564,1.0,0,1.0,1,,0.0,70.5
18.0,1,1.5,3.9,2.7,0,72.52481773100915,2.7487367278227026,2.0,0,1.0,0,7.0,,42.3
18.0,1,1.4,3.4,,0,75.69908085611604,8.519147601089914,1.0,0,1.0,0,10.0,1.0,55.1
23.0,1,2.5,2.9,2.7,0,74.146359511728,10.654036039977395,2.0,4,,2,9.0,1.0,59.7
23.0,0,2.0,2.8,3.3,0,84.44847847128901,11.723820275406233,1.0,1,3.0,0,4.0,0.0,50.7
20.0,1,3.8,,1.9,0,77.48220177102652,0.0,0.0,6,1.0,1,5.0,,65.5
21.0,1,6.6,2.2,2.7,0,75.32707937932742,13.830570946096511,2.0,2,2.0,0,8.0,1.0,100.0
19.0,0,3.2,0.7,,0,61.64975669506265,6.283965045069055,2.0,4,1.0,2,,,68.3
17.0,1,5.8,3.5,1.9,0,77.42294381332889,2.4328957080316123,1.0,0,2.0,2,9.0,1.0,90.0
22.0,1,2.8,0.2,,0,61.13805791631764,1.5325791271127946,2.0,5,1.0,1,,0.0,65.6
19.0,1,3.3,2.5,2.1,0,37.57289715672484,7.346690210140918,1.0,1,1.0,1,2.0,0.0,55.4
19.0,1,3.0,0.1,,0,88.00525726263902,0.0,2.0,6,1.0,0,6.0,1.0,82.5
18.0,0,4.4,3.4,,0,83.44789703336424,4.137910044848245,,0,1.0,2,6.0,,69.1
20.0,0,4.3,1.3,0.0,1,60.71361202276901,12.80486385503997,2.0,0,1.0,1,6.0,0.0,90.4
18.0,1,2.7,1.7,1.3,0,87.22947809602327,0.6899530106207306,0.0,2,2.0,2,,1.0,59.7
21.0,1,5.4,3.1,,0,63.87461648761975,10.124342549882364,0.0,2,1.0,1,3.0,1.0,91.3
24.0,0,1.9,3.1,2.0,0,83.40824665854576,15.692505189158242,2.0,5,,0,,0.0,53.2
23.0,1,4.5,2.4,1.2,1,56.83567519017282,0.7670762563896372,0.0,3,,1,3.0,1.0,79.0
19.0,1,3.5,2.3,2.2,0,56.21958885580059,0.0,1.0,3,2.0,0,6.0,1.0,78.1
,1,6.6,1.3,1.7,0,80.60329824182448,7.966906552949581,2.0,6,1.0,2,3.0,1.0,97.7
20.0,0,3.0,2.3,0.0,0,54.068969624740205,0.0,,1,1.0,2,,,77.9
23.0,0,4.3,,2.4,1,51.75865623381467,6.632140471126725,1.0,5,2.0,0,3.0,0.0,60.6
19.0,0,,3.0,3.1,0,59.94423239245768,2.664733896468478,2.0,4,3.0,2,2.0,0.0,59.0
20.0,1,2.6,1.6,1.3,1,92.78967259169627,1.87305601175977,2.0,6,2.0,0,9.0,,72.9
20.0,1,3.2,2.3,1.5,0,58.75632825601767,15.458845395783866,2.0,5,1.0,2,,0.0,59.6
19.0,1,1.5,2.2,2.3,0,72.16616408056181,0.0,1.0,1,2.0,1,0.0,0.0,43.7
17.0,0,3.5,0.0,,0,78.00581993511906,11.101884438482244,0.0,3,1.0,1,5.0,1.0,70.5
20.0,1,3.7,1.7,,0,68.40386312092926,4.49576029764739,1.0,2,3.0,0,10.0,,80.8
22.0,0,5.1,3.9,,1,81.87290822641772,5.739189588944175,1.0,0,,0,3.0,1.0,65.1
21.0,2,4.7,0.0,,1,37.0371945531362,4.007302596075407,2.0,2,1.0,2,,0.0,67.5
23.0,0,3.5,3.9,2.2,0,69.55085659702333,12.051415140485044,1.0,2,3.0,1,4.0,1.0,66.8
21.0,0,5.6,2.1,2.4,0,82.7740329347425,12.504019508829824,1.0,0,1.0,2,2.0,,82.5
21.0,1,3.3,1.4,,0,90.4244111548442,4.710517176903281,2.0,1,2.0,0,6.0,0.0,74.9
22.0,0,4.8,2.3,1.6,1,47.36934321842752,6.413827854989807,2.0,3,2.0,2,5.0,0.0,89.3
17.0,0,3.2,0.2,0.9,0,92.54367463049124,14.430226089354417,,5,2.0,2,6.0,0.0,76.1
23.0,1,4.0,3.6,0.3,0,68.81694206088821,12.399501587708386,2.0,6,1.0,2,10.0,1.0,91.9
23.0,1,3.3,1.9,2.2,0,79.99982910803772,0.0,,4,1.0,1,8.0,0.0,70.9
17.0,1,3.0,3.5,1.6,0,98.6300210237632,9.069763812644892,1.0,4,1.0,2,3.0,0.0,54.1
17.0,0,4.0,0.7,3.1,0,81.68926258636833,0.4513418710634997,2.0,7,1.0,0,5.0,,83.5
23.0,0,3.5,2.1,,0,68.48140254976332,0.7869583572929862,2.0,2,2.0,2,9.0,0.0,69.9
24.0,1,3.5,1.7,1.3,0,54.54228435282768,9.927335884220051,2.0,2,1.0,2,8.0,1.0,73.5
17.0,0,3.8,2.4,1.1,0,74.5973867394511,0.0,1.0,5,1.0,2,5.0,0.0,64.4
24.0,2,5.3,3.8,1.7,0,61.14542703474807,2.029001304493372,2.0,6,3.0,1,9.0,0.0,96.3
17.0,2,1.5,3.1,,1,94.0866870946462,12.894721502249087,1.0,3,2.0,1,4.0,1.0,51.3
23.0,1,5.1,3.1,0.5,1,73.9994204140615,19.604635495521823,2.0,0,,0,2.0,0.0,76.0
17.0,0,3.9,2.4,1.2,0,71.74457677679791,5.582855296004939,2.0,2,2.0,1,7.0,1.0,75.2
17.0,0,4.0,1.4,1.3,0,55.88679637781347,1.9831225790129656,1.0,3,,0,8.0,0.0,75.9
17.0,1,5.2,1.5,,1,77.98695291268696,9.026140686184508,,5,1.0,1,7.0,0.0,97.9
20.0,1,3.1,2.0,1.9,0,85.20175572494583,0.0,2.0,2,1.0,2,9.0,1.0,65.4
21.0,1,3.2,3.7,1.2,0,52.55933661355139,3.9302410899089617,1.0,5,1.0,2,,0.0,56.1
17.0,0,5.3,2.5,2.7,1,97.67390969185276,8.623599506585078,2.0,4,2.0,1,,1.0,93.4
19.0,2,1.7,2.9,,1,82.58332616668915,15.092299029866982,,0,,2,8.0,0.0,53.6
22.0,0,2.9,2.7,,1,55.285083324669664,9.863969043891608,1.0,2,3.0,1,0.0,,45.5
23.0,1,5.9,4.6,0.9,0,93.68039478959678,7.218505248888268,2.0,4,2.0,1,10.0,0.0,100.0
24.0,0,2.4,1.5,,0,61.33629235205242,0.0,0.0,5,2.0,1,,0.0,78.9
20.0,0,6.0,2.1,,0,72.82041757304269,5.115905642285052,2.0,3,1.0,2,,0.0,85.3
17.0,1,4.9,0.0,0.7,0,49.96531085327702,0.0,1.0,4,3.0,0,5.0,0.0,96.2
,0,3.7,3.3,0.3,1,86.03360473057212,6.04954396143275,,7,1.0,2,4.0,0.0,72.3
17.0,0,2.5,2.2,2.3,0,72.38887890581869,3.443848818277865,1.0,0,1.0,2,3.0,0.0,46.8
19.0,0,1.9,0.7,,0,80.42278569216384,10.516816246717775,,0,3.0,0,4.0,0.0,51.5
18.0,0,5.7,3.1,0.0,1,76.31342701695606,6.195608342643041,1.0,3,3.0,2,3.0,1.0,80.9
24.0,1,3.7,1.7,2.3,1,55.47782473149582,3.90875237645066,2.0,0,3.0,1,6.0,0.0,75.7
22.0,0,2.8,2.5,2.7,1,73.61776393535335,0.0,1.0,4,3.0,1,9.0,0.0,74.6
20.0,1,3.8,0.8,0.3,0,54.24162236650781,10.134352096559727,1.0,0,1.0,0,2.0,,71.5
17.0,0,0.0,2.6,1.6,0,60.27488637835424,19.45491538452923,2.0,5,1.0,1,2.0,,32.9
17.0,0,4.3,1.9,1.9,0,68.60546771711594,0.0,1.0,4,,2,1.0,0.0,82.9
19.0,1,,3.6,,0,79.19203719123595,0.0,1.0,6,1.0,1,2.0,0.0,48.4
24.0,1,5.0,,3.1,0,83.51519913553079,6.528153746640082,0.0,1,2.0,2,4.0,,79.6
20.0,1,1.4,3.5,1.6,0,64.81150261744523,9.531972045594175,1.0,3,,1,,,39.8
17.0,0,3.5,3.2,0.0,0,83.09486580443816,9.25230589283898,2.0,3,1.0,2,2.0,0.0,60.4
20.0,0,3.0,2.5,1.7,0,77.84682212704614,6.014408497291969,1.0,4,2.0,0,8.0,0.0,70.9
18.0,0,3.3,2.4,1.2,0,47.27979307604837,0.0,1.0,4,2.0,1,9.0,1.0,72.5
18.0,0,,0.0,1.9,0,71.5433551159731,0.5616368747045798,1.0,2,2.0,0,4.0,0.0,71.8
18.0,1,2.7,2.7,1.6,0,68.13814890034153,1.2147481769704744,2.0,0,1.0,1,2.0,0.0,36.9
20.0,1,4.2,1.2,,0,65.68392003669898,5.596480259291625,1.0,0,1.0,2,10.0,0.0,85.3
24.0,1,4.0,3.3,5.4,0,81.65635355490356,16.412690540782926,1.0,7,2.0,0,6.0,0.0,79.0
23.0,1,3.5,2.5,,0,48.208549755345686,0.0,2.0,6,1.0,1,,0.0,64.5
19.0,1,4.9,1.5,3.4,0,72.39996523512409,4.401303362515509,2.0,6,1.0,2,6.0,,88.2
24.0,1,1.8,2.4,,1,71.84243746307799,7.012296718033059,1.0,2,2.0,2,9.0,0.0,53.3
20.0,0,5.3,,,0,74.61736813932839,0.0,1.0,0,2.0,2,,1.0,78.4
18.0,1,,3.2,1.7,0,57.70273575788983,5.007404983308817,1.0,6,1.0,2,3.0,0.0,68.4
18.0,0,2.7,3.7,2.3,0,77.54760167913142,0.0,0.0,4,1.0,2,5.0,1.0,63.9
19.0,0,2.3,,,0,61.42756968134015,5.457907985180909,1.0,5,1.0,1,4.0,0.0,54.7
17.0,1,3.3,1.8,0.0,0,60.447083652323904,10.303899237183693,0.0,1,1.0,1,,1.0,65.2
24.0,2,2.9,4.0,2.9,0,59.06162104351028,12.67360631072761,,5,1.0,2,5.0,1.0,56.4
21.0,0,3.5,1.3,1.8,1,48.87772337214399,0.0,1.0,4,2.0,2,2.0,0.0,60.0
24.0,0,5.7,2.9,1.7,0,64.29991060646093,9.283618797869682,2.0,1,3.0,2,,1.0,69.1
20.0,0,0.3,4.2,,0,78.52057077578232,4.125893005565751,2.0,2,1.0,1,3.0,1.0,26.8
19.0,1,3.8,1.2,1.8,0,66.95238003098714,3.282794757850041,,7,1.0,1,8.0,0.0,73.9
23.0,1,2.8,2.4,0.7,0,50.06420417306781,0.0,1.0,1,2.0,2,5.0,0.0,61.5
21.0,1,4.8,1.8,2.7,0,60.23023448415636,7.37039392662555,1.0,5,2.0,1,,,88.0
23.0,1,3.9,1.1,2.9,0,76.07561186453232,9.12150508757746,1.0,2,3.0,1,10.0,,75.7
19.0,0,3.6,,2.1,0,53.39836722647374,7.099687232249033,2.0,4,2.0,0,,0.0,62.5
22.0,1,,1.8,3.0,1,69.24034151237863,3.840153268117677,1.0,1,1.0,1,,0.0,69.9
23.0,0,3.9,3.3,0.5,0,69.83907733801078,11.080908164206935,1.0,3,3.0,1,3.0,0.0,64.1
17.0,0,3.9,1.8,3.2,0,90.60913863028809,10.314588551076929,0.0,0,1.0,1,4.0,0.0,65.6
18.0,1,3.5,5.2,,1,44.08769621192916,7.840549159219392,2.0,0,3.0,2,1.0,1.0,53.4
17.0,0,3.4,0.1,0.6,0,69.02569319447358,0.0,1.0,0,1.0,1,4.0,,77.1
20.0,1,2.5,4.3,2.4,0,63.9579014823132,0.0,1.0,3,3.0,2,3.0,,49.4
22.0,0,2.7,4.7,1.7,1,71.71233064130064,5.407891024042448,0.0,1,3.0,2,8.0,0.0,59.3
24.0,0,3.1,2.8,2.3,0,72.52256836090689,0.1252495875264189,0.0,0,2.0,1,10.0,0.0,63.7
18.0,1,4.6,1.2,0.5,0,83.22934666987189,3.129005366206368,2.0,4,3.0,2,3.0,0.0,93.0
19.0,1,4.5,1.3,,0,90.46143971458072,2.0728034140040177,1.0,0,1.0,1,10.0,0.0,82.1
